reads,random,random2,rank,taxon,sample,,,,,,
1269,1,0.2,genus,Micrococcus,ABRF_MGRG_1ng_Repli_g_08142015_GTCCGC_L001.fa.report,,,,,,
1279,1,0.2,genus,Staphylococcus,ABRF_MGRG_1ng_Repli_g_08142015_GTCCGC_L001.fa.report,,,,,,
45667,1,0.2,genus,Halobacillus,ABRF_MGRG_1ng_Repli_g_08142015_GTCCGC_L001.fa.report,,,,,,
561,1,0.2,genus,Escherichia,ABRF_MGRG_1ng_Repli_g_08142015_GTCCGC_L001.fa.report,,,,,,
286,1,0.2,genus,Pseudomonas,ABRF_MGRG_1ng_Repli_g_08142015_GTCCGC_L001.fa.report,,,,,,
1269,1,0.2,genus,Micrococcus,ABRF_MGRG_5ng_Repli_g_08142015_CCGTCC_L001.fa.report,,,,,,
1279,1,0.2,genus,Staphylococcus,ABRF_MGRG_5ng_Repli_g_08142015_CCGTCC_L001.fa.report,,,,,,
45667,1,0.2,genus,Halobacillus,ABRF_MGRG_5ng_Repli_g_08142015_CCGTCC_L001.fa.report,,,,,,
561,1,0.2,genus,Escherichia,ABRF_MGRG_5ng_Repli_g_08142015_CCGTCC_L001.fa.report,,,,,,
286,1,0.2,genus,Pseudomonas,ABRF_MGRG_5ng_Repli_g_08142015_CCGTCC_L001.fa.report,,,,,,
1269,1,0.2,genus,Micrococcus,ABRF_MGRG_10ng_Repli_g_08142015_ATGTCA_L001.fa.report,,,,,,
1279,1,0.2,genus,Staphylococcus,ABRF_MGRG_10ng_Repli_g_08142015_ATGTCA_L001.fa.report,,,,,,
45667,1,0.2,genus,Halobacillus,ABRF_MGRG_10ng_Repli_g_08142015_ATGTCA_L001.fa.report,,,,,,
561,1,0.2,genus,Escherichia,ABRF_MGRG_10ng_Repli_g_08142015_ATGTCA_L001.fa.report,,,,,,
286,1,0.2,genus,Pseudomonas,ABRF_MGRG_10ng_Repli_g_08142015_ATGTCA_L001.fa.report,,,,,,
1269,1,0.2,genus,Micrococcus,ABRF_MGRG_Half_ng_Repli_g_08142015_GTGAAA_L001.fa.report,,,,,,
1279,1,0.2,genus,Staphylococcus,ABRF_MGRG_Half_ng_Repli_g_08142015_GTGAAA_L001.fa.report,,,,,,
45667,1,0.2,genus,Halobacillus,ABRF_MGRG_Half_ng_Repli_g_08142015_GTGAAA_L001.fa.report,,,,,,
561,1,0.2,genus,Escherichia,ABRF_MGRG_Half_ng_Repli_g_08142015_GTGAAA_L001.fa.report,,,,,,
286,1,0.2,genus,Pseudomonas,ABRF_MGRG_Half_ng_Repli_g_08142015_GTGAAA_L001.fa.report,,,,,,
1269,1,0.2,genus,Micrococcus,ABRF_MGRG_Normal_08142015_CGTACG_L001.fa.report,,,,,,
1279,1,0.2,genus,Staphylococcus,ABRF_MGRG_Normal_08142015_CGTACG_L001.fa.report,,,,,,
45667,1,0.2,genus,Halobacillus,ABRF_MGRG_Normal_08142015_CGTACG_L001.fa.report,,,,,,
561,1,0.2,genus,Escherichia,ABRF_MGRG_Normal_08142015_CGTACG_L001.fa.report,,,,,,
286,1,0.2,genus,Pseudomonas,ABRF_MGRG_Normal_08142015_CGTACG_L001.fa.report,,,,,,
1350,12,0.12,genus,Enterococcus,BioPool_BioPool_1_Cycle_02042016_CTGAAGCT-TATAGCCT_L001.fa.report,,,,,,
1386,12,0.12,genus,Bacillus,BioPool_BioPool_1_Cycle_02042016_CTGAAGCT-TATAGCCT_L001.fa.report,,,,,,
1578,12,0.12,genus,Lactobacillus,BioPool_BioPool_1_Cycle_02042016_CTGAAGCT-TATAGCCT_L001.fa.report,,,,,,
1637,12,0.12,genus,Listeria,BioPool_BioPool_1_Cycle_02042016_CTGAAGCT-TATAGCCT_L001.fa.report,,,,,,
561,12,0.12,genus,Escherichia,BioPool_BioPool_1_Cycle_02042016_CTGAAGCT-TATAGCCT_L001.fa.report,,,,,,
1279,12,0.12,genus,Staphylococcus,BioPool_BioPool_1_Cycle_02042016_CTGAAGCT-TATAGCCT_L001.fa.report,,,,,,
590,12,0.12,genus,Salmonella,BioPool_BioPool_1_Cycle_02042016_CTGAAGCT-TATAGCCT_L001.fa.report,,,,,,
286,12,0.12,genus,Pseudomonas,BioPool_BioPool_1_Cycle_02042016_CTGAAGCT-TATAGCCT_L001.fa.report,,,,,,
5206,2,0.02,genus,Filobasidiella,BioPool_BioPool_1_Cycle_02042016_CTGAAGCT-TATAGCCT_L001.fa.report,,,,,,
4930,2,0.02,genus,Saccharomyces,BioPool_BioPool_1_Cycle_02042016_CTGAAGCT-TATAGCCT_L001.fa.report,,,,,,
1257,2,0.2,genus,Peptostreptococcus,BMI_bmi_reads.fasta.fa.report,,,,,,
1301,2,0.2,genus,Streptococcus,BMI_bmi_reads.fasta.fa.report,,,,,,
836,1,0.1,genus,Porphyromonas,BMI_bmi_reads.fasta.fa.report,,,,,,
2093,1,0.1,genus,Mycoplasma,BMI_bmi_reads.fasta.fa.report,,,,,,
29465,1,0.1,genus,Veillonella,BMI_bmi_reads.fasta.fa.report,,,,,,
32207,1,0.1,genus,Rothia,BMI_bmi_reads.fasta.fa.report,,,,,,
848,1,0.1,genus,Fusobacterium,BMI_bmi_reads.fasta.fa.report,,,,,,
838,1,0.1,genus,Prevotella,BMI_bmi_reads.fasta.fa.report,,,,,,
32008,2,0.08,genus,Burkholderia,Carma_eval_carma.fasta.fa.report,,,,,,
1279,2,0.08,genus,Staphylococcus,Carma_eval_carma.fasta.fa.report,,,,,,
662,2,0.08,genus,Vibrio,Carma_eval_carma.fasta.fa.report,,,,,,
810,1,0.04,genus,Chlamydia,Carma_eval_carma.fasta.fa.report,,,,,,
958,1,0.04,genus,Bdellovibrio,Carma_eval_carma.fasta.fa.report,,,,,,
1073,1,0.04,genus,Rhodopseudomonas,Carma_eval_carma.fasta.fa.report,,,,,,
561,1,0.04,genus,Escherichia,Carma_eval_carma.fasta.fa.report,,,,,,
1129,1,0.04,genus,Synechococcus,Carma_eval_carma.fasta.fa.report,,,,,,
234,1,0.04,genus,Brucella,Carma_eval_carma.fasta.fa.report,,,,,,
620,1,0.04,genus,Shigella,Carma_eval_carma.fasta.fa.report,,,,,,
1301,1,0.04,genus,Streptococcus,Carma_eval_carma.fasta.fa.report,,,,,,
1763,1,0.04,genus,Mycobacterium,Carma_eval_carma.fasta.fa.report,,,,,,
28105,1,0.04,genus,Sinorhizobium,Carma_eval_carma.fasta.fa.report,,,,,,
286,1,0.04,genus,Pseudomonas,Carma_eval_carma.fasta.fa.report,,,,,,
28228,1,0.04,genus,Colwellia,Carma_eval_carma.fasta.fa.report,,,,,,
69474,1,0.04,genus,Orientia,Carma_eval_carma.fasta.fa.report,,,,,,
2094023,1,0.04,genus,Glaesserlla,Carma_eval_carma.fasta.fa.report,,,,,,
209,1,0.04,genus,Helicobacter,Carma_eval_carma.fasta.fa.report,,,,,,
265570,1,0.04,genus,Sulfurovum,Carma_eval_carma.fasta.fa.report,,,,,,
511678,1,0.04,genus,Aliivibrio,Carma_eval_carma.fasta.fa.report,,,,,,
1506553,1,0.04,genus,Lachnoclostridium,Carma_eval_carma.fasta.fa.report,,,,,,
43988,1,0.04,genus,Cyanothece,Carma_eval_carma.fasta.fa.report,,,,,,
1301,3,0.13636,genus,Streptococcus,HMP_even_454_SRR072233.fa.report,,,,,,
1279,2,0.09091,genus,Staphylococcus,HMP_even_454_SRR072233.fa.report,,,,,,
1060,1,0.04545,genus,Rhodobacter,HMP_even_454_SRR072233.fa.report,,,,,,
286,1,0.04545,genus,Pseudomonas,HMP_even_454_SRR072233.fa.report,,,,,,
469,1,0.04545,genus,Acinetobacter,HMP_even_454_SRR072233.fa.report,,,,,,
1298,1,0.04545,genus,Deinococcus,HMP_even_454_SRR072233.fa.report,,,,,,
482,1,0.04545,genus,Neisseria,HMP_even_454_SRR072233.fa.report,,,,,,
1350,1,0.04545,genus,Enterococcus,HMP_even_454_SRR072233.fa.report,,,,,,
1386,1,0.04545,genus,Bacillus,HMP_even_454_SRR072233.fa.report,,,,,,
1485,1,0.04545,genus,Clostridium,HMP_even_454_SRR072233.fa.report,,,,,,
1578,1,0.04545,genus,Lactobacillus,HMP_even_454_SRR072233.fa.report,,,,,,
1637,1,0.04545,genus,Listeria,HMP_even_454_SRR072233.fa.report,,,,,,
1654,1,0.04545,genus,Actinomyces,HMP_even_454_SRR072233.fa.report,,,,,,
1912216,1,0.04545,genus,Cutibacterium,HMP_even_454_SRR072233.fa.report,,,,,,
2172,1,0.04545,genus,Methanobrevibacter,HMP_even_454_SRR072233.fa.report,,,,,,
561,1,0.04545,genus,Escherichia,HMP_even_454_SRR072233.fa.report,,,,,,
209,1,0.04545,genus,Helicobacter,HMP_even_454_SRR072233.fa.report,,,,,,
816,1,0.04545,genus,Bacteroides,HMP_even_454_SRR072233.fa.report,,,,,,
1535326,1,0.04545,genus,Candida,HMP_even_454_SRR072233.fa.report,,,,,,
1301,3,0.13636,genus,Streptococcus,HMP_even_illum_SRR172902.fa.report,,,,,,
1279,2,0.09091,genus,Staphylococcus,HMP_even_illum_SRR172902.fa.report,,,,,,
1060,1,0.04545,genus,Rhodobacter,HMP_even_illum_SRR172902.fa.report,,,,,,
286,1,0.04545,genus,Pseudomonas,HMP_even_illum_SRR172902.fa.report,,,,,,
469,1,0.04545,genus,Acinetobacter,HMP_even_illum_SRR172902.fa.report,,,,,,
1298,1,0.04545,genus,Deinococcus,HMP_even_illum_SRR172902.fa.report,,,,,,
482,1,0.04545,genus,Neisseria,HMP_even_illum_SRR172902.fa.report,,,,,,
1350,1,0.04545,genus,Enterococcus,HMP_even_illum_SRR172902.fa.report,,,,,,
1386,1,0.04545,genus,Bacillus,HMP_even_illum_SRR172902.fa.report,,,,,,
1485,1,0.04545,genus,Clostridium,HMP_even_illum_SRR172902.fa.report,,,,,,
1578,1,0.04545,genus,Lactobacillus,HMP_even_illum_SRR172902.fa.report,,,,,,
1637,1,0.04545,genus,Listeria,HMP_even_illum_SRR172902.fa.report,,,,,,
1654,1,0.04545,genus,Actinomyces,HMP_even_illum_SRR172902.fa.report,,,,,,
1912216,1,0.04545,genus,Cutibacterium,HMP_even_illum_SRR172902.fa.report,,,,,,
2172,1,0.04545,genus,Methanobrevibacter,HMP_even_illum_SRR172902.fa.report,,,,,,
561,1,0.04545,genus,Escherichia,HMP_even_illum_SRR172902.fa.report,,,,,,
209,1,0.04545,genus,Helicobacter,HMP_even_illum_SRR172902.fa.report,,,,,,
816,1,0.04545,genus,Bacteroides,HMP_even_illum_SRR172902.fa.report,,,,,,
1535326,1,0.04545,genus,Candida,HMP_even_illum_SRR172902.fa.report,,,,,,
662,4,0.04,genus,Vibrio,Huttenhower_HC1.fasta.fa.report,,,,,,
1386,4,0.04,genus,Bacillus,Huttenhower_HC1.fasta.fa.report,,,,,,
2263,3,0.03,genus,Thermococcus,Huttenhower_HC1.fasta.fa.report,,,,,,
209,3,0.03,genus,Helicobacter,Huttenhower_HC1.fasta.fa.report,,,,,,
22,3,0.03,genus,Shewanella,Huttenhower_HC1.fasta.fa.report,,,,,,
1578,3,0.03,genus,Lactobacillus,Huttenhower_HC1.fasta.fa.report,,,,,,
53335,2,0.02,genus,Pantoea,Huttenhower_HC1.fasta.fa.report,,,,,,
44000,2,0.02,genus,Caldicellulosiruptor,Huttenhower_HC1.fasta.fa.report,,,,,,
32008,2,0.02,genus,Burkholderia,Huttenhower_HC1.fasta.fa.report,,,,,,
2276,2,0.02,genus,Pyrobaculum,Huttenhower_HC1.fasta.fa.report,,,,,,
1107,2,0.02,genus,Chloroflexus,Huttenhower_HC1.fasta.fa.report,,,,,,
2207,2,0.02,genus,Methanosarcina,Huttenhower_HC1.fasta.fa.report,,,,,,
1301,2,0.02,genus,Streptococcus,Huttenhower_HC1.fasta.fa.report,,,,,,
1763,2,0.02,genus,Mycobacterium,Huttenhower_HC1.fasta.fa.report,,,,,,
1637,1,0.01,genus,Listeria,Huttenhower_HC1.fasta.fa.report,,,,,,
1716,1,0.01,genus,Corynebacterium,Huttenhower_HC1.fasta.fa.report,,,,,,
1835,1,0.01,genus,Saccharopolyspora,Huttenhower_HC1.fasta.fa.report,,,,,,
2056,1,0.01,genus,Sphaerobacter,Huttenhower_HC1.fasta.fa.report,,,,,,
1298,1,0.01,genus,Deinococcus,Huttenhower_HC1.fasta.fa.report,,,,,,
1279,1,0.01,genus,Staphylococcus,Huttenhower_HC1.fasta.fa.report,,,,,,
2093,1,0.01,genus,Mycoplasma,Huttenhower_HC1.fasta.fa.report,,,,,,
2129,1,0.01,genus,Ureaplasma,Huttenhower_HC1.fasta.fa.report,,,,,,
1269,1,0.01,genus,Micrococcus,Huttenhower_HC1.fasta.fa.report,,,,,,
2179,1,0.01,genus,Methanothermus,Huttenhower_HC1.fasta.fa.report,,,,,,
1227,1,0.01,genus,Nitrosococcus,Huttenhower_HC1.fasta.fa.report,,,,,,
1099,1,0.01,genus,Pelodictyon,Huttenhower_HC1.fasta.fa.report,,,,,,
2295,1,0.01,genus,Desulfobacterium,Huttenhower_HC1.fasta.fa.report,,,,,,
2316,1,0.01,genus,Methanosphaera,Huttenhower_HC1.fasta.fa.report,,,,,,
2420,1,0.01,genus,Thermosipho,Huttenhower_HC1.fasta.fa.report,,,,,,
2745,1,0.01,genus,Halomonas,Huttenhower_HC1.fasta.fa.report,,,,,,
12916,1,0.01,genus,Acidovorax,Huttenhower_HC1.fasta.fa.report,,,,,,
13687,1,0.01,genus,Sphingomonas,Huttenhower_HC1.fasta.fa.report,,,,,,
1091,1,0.01,genus,Chlorobium,Huttenhower_HC1.fasta.fa.report,,,,,,
1081,1,0.01,genus,Rhodospirillum,Huttenhower_HC1.fasta.fa.report,,,,,,
1060,1,0.01,genus,Rhodobacter,Huttenhower_HC1.fasta.fa.report,,,,,,
1016,1,0.01,genus,Capnocytophaga,Huttenhower_HC1.fasta.fa.report,,,,,,
914,1,0.01,genus,Nitrosomonas,Huttenhower_HC1.fasta.fa.report,,,,,,
33071,1,0.01,genus,Gloeobacter,Huttenhower_HC1.fasta.fa.report,,,,,,
33981,1,0.01,genus,Kineococcus,Huttenhower_HC1.fasta.fa.report,,,,,,
33986,1,0.01,genus,Exiguobacterium,Huttenhower_HC1.fasta.fa.report,,,,,,
911,1,0.01,genus,Nitrobacter,Huttenhower_HC1.fasta.fa.report,,,,,,
44260,1,0.01,genus,Moorella,Huttenhower_HC1.fasta.fa.report,,,,,,
48736,1,0.01,genus,Ralstonia,Huttenhower_HC1.fasta.fa.report,,,,,,
862,1,0.01,genus,Syntrophomonas,Huttenhower_HC1.fasta.fa.report,,,,,,
64159,1,0.01,genus,Desulfurobacterium,Huttenhower_HC1.fasta.fa.report,,,,,,
64895,1,0.01,genus,Borreliella,Huttenhower_HC1.fasta.fa.report,,,,,,
69965,1,0.01,genus,Macrococcus,Huttenhower_HC1.fasta.fa.report,,,,,,
838,1,0.01,genus,Prevotella,Huttenhower_HC1.fasta.fa.report,,,,,,
73029,1,0.01,genus,Dechloromonas,Huttenhower_HC1.fasta.fa.report,,,,,,
79328,1,0.01,genus,Chitinophaga,Huttenhower_HC1.fasta.fa.report,,,,,,
836,1,0.01,genus,Porphyromonas,Huttenhower_HC1.fasta.fa.report,,,,,,
80865,1,0.01,genus,Delftia,Huttenhower_HC1.fasta.fa.report,,,,,,
83618,1,0.01,genus,Pseudoxanthomonas,Huttenhower_HC1.fasta.fa.report,,,,,,
780,1,0.01,genus,Rickettsia,Huttenhower_HC1.fasta.fa.report,,,,,,
768,1,0.01,genus,Anaplasma,Huttenhower_HC1.fasta.fa.report,,,,,,
109168,1,0.01,genus,Desulfotalea,Huttenhower_HC1.fasta.fa.report,,,,,,
724,1,0.01,genus,Haemophilus,Huttenhower_HC1.fasta.fa.report,,,,,,
182639,1,0.01,genus,Kribbella,Huttenhower_HC1.fasta.fa.report,,,,,,
182709,1,0.01,genus,Oceanobacillus,Huttenhower_HC1.fasta.fa.report,,,,,,
635,1,0.01,genus,Edwardsiella,Huttenhower_HC1.fasta.fa.report,,,,,,
613,1,0.01,genus,Serratia,Huttenhower_HC1.fasta.fa.report,,,,,,
570,1,0.01,genus,Klebsiella,Huttenhower_HC1.fasta.fa.report,,,,,,
413,1,0.01,genus,Methylococcus,Huttenhower_HC1.fasta.fa.report,,,,,,
407,1,0.01,genus,Methylobacterium,Huttenhower_HC1.fasta.fa.report,,,,,,
196118,1,0.01,genus,Methanocaldococcus,Huttenhower_HC1.fasta.fa.report,,,,,,
352,1,0.01,genus,Azotobacter,Huttenhower_HC1.fasta.fa.report,,,,,,
338,1,0.01,genus,Xanthomonas,Huttenhower_HC1.fasta.fa.report,,,,,,
270,1,0.01,genus,Thermus,Huttenhower_HC1.fasta.fa.report,,,,,,
237,1,0.01,genus,Flavobacterium,Huttenhower_HC1.fasta.fa.report,,,,,,
171,1,0.01,genus,Leptospira,Huttenhower_HC1.fasta.fa.report,,,,,,
303379,1,0.01,genus,Herminiimonas,Huttenhower_HC1.fasta.fa.report,,,,,,
364409,1,0.01,genus,Granulibacter,Huttenhower_HC1.fasta.fa.report,,,,,,
157,1,0.01,genus,Treponema,Huttenhower_HC1.fasta.fa.report,,,,,,
1870884,1,0.01,genus,Clostridiodes,Huttenhower_HC1.fasta.fa.report,,,,,,
1649482,1,0.01,genus,Pseudopedobacter,Huttenhower_HC1.fasta.fa.report,,,,,,
1911556,1,0.01,genus,Sediminispirochaeta,Huttenhower_HC1.fasta.fa.report,,,,,,
20,1,0.01,genus,Phenylobacterium,Huttenhower_HC1.fasta.fa.report,,,,,,
2093,9,0.09,genus,Mycoplasma,Huttenhower_HC2.fasta.fa.report,,,,,,
1386,4,0.04,genus,Bacillus,Huttenhower_HC2.fasta.fa.report,,,,,,
286,3,0.03,genus,Pseudomonas,Huttenhower_HC2.fasta.fa.report,,,,,,
138,3,0.03,genus,Borrelia,Huttenhower_HC2.fasta.fa.report,,,,,,
1716,3,0.03,genus,Corynebacterium,Huttenhower_HC2.fasta.fa.report,,,,,,
1485,3,0.03,genus,Clostridium,Huttenhower_HC2.fasta.fa.report,,,,,,
816,2,0.02,genus,Bacteroides,Huttenhower_HC2.fasta.fa.report,,,,,,
544,2,0.02,genus,Citrobacter,Huttenhower_HC2.fasta.fa.report,,,,,,
270,2,0.02,genus,Thermus,Huttenhower_HC2.fasta.fa.report,,,,,,
1822464,2,0.02,genus,Paraburkholderia,Huttenhower_HC2.fasta.fa.report,,,,,,
2263,2,0.02,genus,Thermococcus,Huttenhower_HC2.fasta.fa.report,,,,,,
32008,2,0.02,genus,Burkholderia,Huttenhower_HC2.fasta.fa.report,,,,,,
780,2,0.02,genus,Rickettsia,Huttenhower_HC2.fasta.fa.report,,,,,,
1301,1,0.01,genus,Streptococcus,Huttenhower_HC2.fasta.fa.report,,,,,,
1350,1,0.01,genus,Enterococcus,Huttenhower_HC2.fasta.fa.report,,,,,,
1357,1,0.01,genus,Lactococcus,Huttenhower_HC2.fasta.fa.report,,,,,,
1227,1,0.01,genus,Nitrosococcus,Huttenhower_HC2.fasta.fa.report,,,,,,
1562,1,0.01,genus,Desulfotomaculum,Huttenhower_HC2.fasta.fa.report,,,,,,
1578,1,0.01,genus,Lactobacillus,Huttenhower_HC2.fasta.fa.report,,,,,,
1129,1,0.01,genus,Synechococcus,Huttenhower_HC2.fasta.fa.report,,,,,,
1678,1,0.01,genus,Bifidobacterium,Huttenhower_HC2.fasta.fa.report,,,,,,
1730,1,0.01,genus,Eubacterium,Huttenhower_HC2.fasta.fa.report,,,,,,
1754,1,0.01,genus,Thermoanaerobacter,Huttenhower_HC2.fasta.fa.report,,,,,,
1073,1,0.01,genus,Rhodopseudomonas,Huttenhower_HC2.fasta.fa.report,,,,,,
2019,1,0.01,genus,Thermomonospora,Huttenhower_HC2.fasta.fa.report,,,,,,
2207,1,0.01,genus,Methanosarcina,Huttenhower_HC2.fasta.fa.report,,,,,,
939,1,0.01,genus,Hydrogenobacter,Huttenhower_HC2.fasta.fa.report,,,,,,
2260,1,0.01,genus,Pyrococcus,Huttenhower_HC2.fasta.fa.report,,,,,,
2370,1,0.01,genus,Xylella,Huttenhower_HC2.fasta.fa.report,,,,,,
872,1,0.01,genus,Desulfovibrio,Huttenhower_HC2.fasta.fa.report,,,,,,
2420,1,0.01,genus,Thermosipho,Huttenhower_HC2.fasta.fa.report,,,,,,
2422,1,0.01,genus,Fervidobacterium,Huttenhower_HC2.fasta.fa.report,,,,,,
832,1,0.01,genus,Fibrobacter,Huttenhower_HC2.fasta.fa.report,,,,,,
28231,1,0.01,genus,Geobacter,Huttenhower_HC2.fasta.fa.report,,,,,,
28236,1,0.01,genus,Petrotoga,Huttenhower_HC2.fasta.fa.report,,,,,,
29487,1,0.01,genus,Photorhabdus,Huttenhower_HC2.fasta.fa.report,,,,,,
29526,1,0.01,genus,Syntrophobacter,Huttenhower_HC2.fasta.fa.report,,,,,,
773,1,0.01,genus,Bartonella,Huttenhower_HC2.fasta.fa.report,,,,,,
768,1,0.01,genus,Anaplasma,Huttenhower_HC2.fasta.fa.report,,,,,,
32207,1,0.01,genus,Rothia,Huttenhower_HC2.fasta.fa.report,,,,,,
44013,1,0.01,genus,Polynucleobacter,Huttenhower_HC2.fasta.fa.report,,,,,,
52972,1,0.01,genus,Polaromonas,Huttenhower_HC2.fasta.fa.report,,,,,,
53246,1,0.01,genus,Pseudoalteromonas,Huttenhower_HC2.fasta.fa.report,,,,,,
53357,1,0.01,genus,Intrasporangium,Huttenhower_HC2.fasta.fa.report,,,,,,
55080,1,0.01,genus,Brevibacillus,Huttenhower_HC2.fasta.fa.report,,,,,,
56635,1,0.01,genus,Aeropyrum,Huttenhower_HC2.fasta.fa.report,,,,,,
61434,1,0.01,genus,Dehalococcoides,Huttenhower_HC2.fasta.fa.report,,,,,,
724,1,0.01,genus,Haemophilus,Huttenhower_HC2.fasta.fa.report,,,,,,
642,1,0.01,genus,Aeromonas,Huttenhower_HC2.fasta.fa.report,,,,,,
84565,1,0.01,genus,Sodalis,Huttenhower_HC2.fasta.fa.report,,,,,,
620,1,0.01,genus,Shigella,Huttenhower_HC2.fasta.fa.report,,,,,,
89583,1,0.01,genus,Gluconacetobacter,Huttenhower_HC2.fasta.fa.report,,,,,,
517,1,0.01,genus,Bordetella,Huttenhower_HC2.fasta.fa.report,,,,,,
129957,1,0.01,genus,Carboxydothermus,Huttenhower_HC2.fasta.fa.report,,,,,,
482,1,0.01,genus,Neisseria,Huttenhower_HC2.fasta.fa.report,,,,,,
150022,1,0.01,genus,Finegoldia,Huttenhower_HC2.fasta.fa.report,,,,,,
152053,1,0.01,genus,Starkeya,Huttenhower_HC2.fasta.fa.report,,,,,,
155977,1,0.01,genus,Acaryochloris,Huttenhower_HC2.fasta.fa.report,,,,,,
178440,1,0.01,genus,Opitutus,Huttenhower_HC2.fasta.fa.report,,,,,,
407,1,0.01,genus,Methylobacterium,Huttenhower_HC2.fasta.fa.report,,,,,,
404,1,0.01,genus,Methylobacillus,Huttenhower_HC2.fasta.fa.report,,,,,,
357,1,0.01,genus,Agrobacterium,Huttenhower_HC2.fasta.fa.report,,,,,,
191291,1,0.01,genus,Nautilia,Huttenhower_HC2.fasta.fa.report,,,,,,
191373,1,0.01,genus,Pelotomaculum,Huttenhower_HC2.fasta.fa.report,,,,,,
262,1,0.01,genus,Francisella,Huttenhower_HC2.fasta.fa.report,,,,,,
234,1,0.01,genus,Brucella,Huttenhower_HC2.fasta.fa.report,,,,,,
202746,1,0.01,genus,Sulfurimonas,Huttenhower_HC2.fasta.fa.report,,,,,,
252306,1,0.01,genus,Robiginitalea,Huttenhower_HC2.fasta.fa.report,,,,,,
375928,1,0.01,genus,Natranaerobius,Huttenhower_HC2.fasta.fa.report,,,,,,
393029,1,0.01,genus,Desulfurispirillum,Huttenhower_HC2.fasta.fa.report,,,,,,
75,1,0.01,genus,Caulobacter,Huttenhower_HC2.fasta.fa.report,,,,,,
32,1,0.01,genus,Myxococcus,Huttenhower_HC2.fasta.fa.report,,,,,,
1643951,1,0.01,genus,Pseudothermotoga,Huttenhower_HC2.fasta.fa.report,,,,,,
40323,1,0.01,genus,Stenotrophomonas,Huttenhower_HC2.fasta.fa.report,,,,,,
44000,2,0.08,genus,Caldicellulosiruptor,Huttenhower_LC1.fasta.fa.report,,,,,,
662,2,0.08,genus,Vibrio,Huttenhower_LC1.fasta.fa.report,,,,,,
33071,1,0.04,genus,Gloeobacter,Huttenhower_LC1.fasta.fa.report,,,,,,
1269,1,0.04,genus,Micrococcus,Huttenhower_LC1.fasta.fa.report,,,,,,
1301,1,0.04,genus,Streptococcus,Huttenhower_LC1.fasta.fa.report,,,,,,
1578,1,0.04,genus,Lactobacillus,Huttenhower_LC1.fasta.fa.report,,,,,,
1060,1,0.04,genus,Rhodobacter,Huttenhower_LC1.fasta.fa.report,,,,,,
1835,1,0.04,genus,Saccharopolyspora,Huttenhower_LC1.fasta.fa.report,,,,,,
2056,1,0.04,genus,Sphaerobacter,Huttenhower_LC1.fasta.fa.report,,,,,,
635,1,0.04,genus,Edwardsiella,Huttenhower_LC1.fasta.fa.report,,,,,,
2179,1,0.04,genus,Methanothermus,Huttenhower_LC1.fasta.fa.report,,,,,,
2207,1,0.04,genus,Methanosarcina,Huttenhower_LC1.fasta.fa.report,,,,,,
2263,1,0.04,genus,Thermococcus,Huttenhower_LC1.fasta.fa.report,,,,,,
2316,1,0.04,genus,Methanosphaera,Huttenhower_LC1.fasta.fa.report,,,,,,
1081,1,0.04,genus,Rhodospirillum,Huttenhower_LC1.fasta.fa.report,,,,,,
44260,1,0.04,genus,Moorella,Huttenhower_LC1.fasta.fa.report,,,,,,
53335,1,0.04,genus,Pantoea,Huttenhower_LC1.fasta.fa.report,,,,,,
79328,1,0.04,genus,Chitinophaga,Huttenhower_LC1.fasta.fa.report,,,,,,
80865,1,0.04,genus,Delftia,Huttenhower_LC1.fasta.fa.report,,,,,,
22,1,0.04,genus,Shewanella,Huttenhower_LC1.fasta.fa.report,,,,,,
1091,1,0.04,genus,Chlorobium,Huttenhower_LC1.fasta.fa.report,,,,,,
1107,1,0.04,genus,Chloroflexus,Huttenhower_LC1.fasta.fa.report,,,,,,
407,1,0.04,genus,Methylobacterium,Huttenhower_LC1.fasta.fa.report,,,,,,
780,1,0.04,genus,Rickettsia,Huttenhower_LC2.fasta.fa.report,,,,,,
836,1,0.04,genus,Porphyromonas,Huttenhower_LC2.fasta.fa.report,,,,,,
911,1,0.04,genus,Nitrobacter,Huttenhower_LC2.fasta.fa.report,,,,,,
914,1,0.04,genus,Nitrosomonas,Huttenhower_LC2.fasta.fa.report,,,,,,
1016,1,0.04,genus,Capnocytophaga,Huttenhower_LC2.fasta.fa.report,,,,,,
1099,1,0.04,genus,Pelodictyon,Huttenhower_LC2.fasta.fa.report,,,,,,
171,1,0.04,genus,Leptospira,Huttenhower_LC2.fasta.fa.report,,,,,,
1227,1,0.04,genus,Nitrosococcus,Huttenhower_LC2.fasta.fa.report,,,,,,
1386,1,0.04,genus,Bacillus,Huttenhower_LC2.fasta.fa.report,,,,,,
1637,1,0.04,genus,Listeria,Huttenhower_LC2.fasta.fa.report,,,,,,
1763,1,0.04,genus,Mycobacterium,Huttenhower_LC2.fasta.fa.report,,,,,,
2129,1,0.04,genus,Ureaplasma,Huttenhower_LC2.fasta.fa.report,,,,,,
413,1,0.04,genus,Methylococcus,Huttenhower_LC2.fasta.fa.report,,,,,,
2207,1,0.04,genus,Methanosarcina,Huttenhower_LC2.fasta.fa.report,,,,,,
2276,1,0.04,genus,Pyrobaculum,Huttenhower_LC2.fasta.fa.report,,,,,,
2420,1,0.04,genus,Thermosipho,Huttenhower_LC2.fasta.fa.report,,,,,,
157,1,0.04,genus,Treponema,Huttenhower_LC2.fasta.fa.report,,,,,,
48736,1,0.04,genus,Ralstonia,Huttenhower_LC2.fasta.fa.report,,,,,,
64159,1,0.04,genus,Desulfurobacterium,Huttenhower_LC2.fasta.fa.report,,,,,,
182639,1,0.04,genus,Kribbella,Huttenhower_LC2.fasta.fa.report,,,,,,
662,1,0.04,genus,Vibrio,Huttenhower_LC2.fasta.fa.report,,,,,,
364409,1,0.04,genus,Granulibacter,Huttenhower_LC2.fasta.fa.report,,,,,,
1870884,1,0.01,genus,Clostridiodes,Huttenhower_LC2.fasta.fa.report,,,,,,
1649482,1,0.04,genus,Pseudopedobacter,Huttenhower_LC2.fasta.fa.report,,,,,,
22,1,0.04,genus,Shewanella,Huttenhower_LC2.fasta.fa.report,,,,,,
209,2,0.08,genus,Helicobacter,Huttenhower_LC3.fasta.fa.report,,,,,,
32008,2,0.08,genus,Burkholderia,Huttenhower_LC3.fasta.fa.report,,,,,,
1578,2,0.08,genus,Lactobacillus,Huttenhower_LC3.fasta.fa.report,,,,,,
1386,2,0.08,genus,Bacillus,Huttenhower_LC3.fasta.fa.report,,,,,,
53335,1,0.04,genus,Pantoea,Huttenhower_LC3.fasta.fa.report,,,,,,
1911556,1,0.04,genus,Sediminispirochaeta,Huttenhower_LC3.fasta.fa.report,,,,,,
1298,1,0.04,genus,Deinococcus,Huttenhower_LC3.fasta.fa.report,,,,,,
862,1,0.04,genus,Syntrophomonas,Huttenhower_LC3.fasta.fa.report,,,,,,
768,1,0.04,genus,Anaplasma,Huttenhower_LC3.fasta.fa.report,,,,,,
1763,1,0.04,genus,Mycobacterium,Huttenhower_LC3.fasta.fa.report,,,,,,
2093,1,0.04,genus,Mycoplasma,Huttenhower_LC3.fasta.fa.report,,,,,,
2263,1,0.04,genus,Thermococcus,Huttenhower_LC3.fasta.fa.report,,,,,,
2745,1,0.04,genus,Halomonas,Huttenhower_LC3.fasta.fa.report,,,,,,
13687,1,0.04,genus,Sphingomonas,Huttenhower_LC3.fasta.fa.report,,,,,,
724,1,0.04,genus,Haemophilus,Huttenhower_LC3.fasta.fa.report,,,,,,
69965,1,0.04,genus,Macrococcus,Huttenhower_LC3.fasta.fa.report,,,,,,
662,1,0.04,genus,Vibrio,Huttenhower_LC3.fasta.fa.report,,,,,,
613,1,0.04,genus,Serratia,Huttenhower_LC3.fasta.fa.report,,,,,,
352,1,0.04,genus,Azotobacter,Huttenhower_LC3.fasta.fa.report,,,,,,
237,1,0.04,genus,Flavobacterium,Huttenhower_LC3.fasta.fa.report,,,,,,
1279,1,0.04,genus,Staphylococcus,Huttenhower_LC4.fasta.fa.report,,,,,,
1301,1,0.04,genus,Streptococcus,Huttenhower_LC4.fasta.fa.report,,,,,,
1386,1,0.04,genus,Bacillus,Huttenhower_LC4.fasta.fa.report,,,,,,
1716,1,0.04,genus,Corynebacterium,Huttenhower_LC4.fasta.fa.report,,,,,,
209,1,0.04,genus,Helicobacter,Huttenhower_LC4.fasta.fa.report,,,,,,
270,1,0.04,genus,Thermus,Huttenhower_LC4.fasta.fa.report,,,,,,
2263,1,0.04,genus,Thermococcus,Huttenhower_LC4.fasta.fa.report,,,,,,
2276,1,0.04,genus,Pyrobaculum,Huttenhower_LC4.fasta.fa.report,,,,,,
2295,1,0.04,genus,Desulfobacterium,Huttenhower_LC4.fasta.fa.report,,,,,,
12916,1,0.04,genus,Acidovorax,Huttenhower_LC4.fasta.fa.report,,,,,,
338,1,0.04,genus,Xanthomonas,Huttenhower_LC4.fasta.fa.report,,,,,,
33981,1,0.04,genus,Kineococcus,Huttenhower_LC4.fasta.fa.report,,,,,,
33986,1,0.04,genus,Exiguobacterium,Huttenhower_LC4.fasta.fa.report,,,,,,
64895,1,0.04,genus,Borreliella,Huttenhower_LC4.fasta.fa.report,,,,,,
73029,1,0.04,genus,Dechloromonas,Huttenhower_LC4.fasta.fa.report,,,,,,
570,1,0.04,genus,Klebsiella,Huttenhower_LC4.fasta.fa.report,,,,,,
838,1,0.04,genus,Prevotella,Huttenhower_LC4.fasta.fa.report,,,,,,
83618,1,0.04,genus,Pseudoxanthomonas,Huttenhower_LC4.fasta.fa.report,,,,,,
109168,1,0.04,genus,Desulfotalea,Huttenhower_LC4.fasta.fa.report,,,,,,
182709,1,0.04,genus,Oceanobacillus,Huttenhower_LC4.fasta.fa.report,,,,,,
1107,1,0.04,genus,Chloroflexus,Huttenhower_LC4.fasta.fa.report,,,,,,
196118,1,0.04,genus,Methanocaldococcus,Huttenhower_LC4.fasta.fa.report,,,,,,
20,1,0.04,genus,Phenylobacterium,Huttenhower_LC4.fasta.fa.report,,,,,,
303379,1,0.04,genus,Herminiimonas,Huttenhower_LC4.fasta.fa.report,,,,,,
22,1,0.04,genus,Shewanella,Huttenhower_LC4.fasta.fa.report,,,,,,
194,2,0.08,genus,Campylobacter,Huttenhower_LC5.fasta.fa.report,,,,,,
2335,2,0.08,genus,Thermotoga,Huttenhower_LC5.fasta.fa.report,,,,,,
114627,1,0.04,genus,Alkaliphilus,Huttenhower_LC5.fasta.fa.report,,,,,,
1754,1,0.04,genus,Thermoanaerobacter,Huttenhower_LC5.fasta.fa.report,,,,,,
1763,1,0.04,genus,Mycobacterium,Huttenhower_LC5.fasta.fa.report,,,,,,
1716,1,0.04,genus,Corynebacterium,Huttenhower_LC5.fasta.fa.report,,,,,,
2279,1,0.04,genus,Staphylothermus,Huttenhower_LC5.fasta.fa.report,,,,,,
1578,1,0.04,genus,Lactobacillus,Huttenhower_LC5.fasta.fa.report,,,,,,
29521,1,0.04,genus,Brachyspira,Huttenhower_LC5.fasta.fa.report,,,,,,
32008,1,0.04,genus,Burkholderia,Huttenhower_LC5.fasta.fa.report,,,,,,
264688,1,0.04,genus,Trichormus,Huttenhower_LC5.fasta.fa.report,,,,,,
84111,1,0.04,genus,Eggerthella,Huttenhower_LC5.fasta.fa.report,,,,,,
84756,1,0.04,genus,Beutenbergia,Huttenhower_LC5.fasta.fa.report,,,,,,
970,1,0.04,genus,Selenomonas,Huttenhower_LC5.fasta.fa.report,,,,,,
150247,1,0.04,genus,Anoxybacillus,Huttenhower_LC5.fasta.fa.report,,,,,,
193568,1,0.04,genus,Nanoarchaeum,Huttenhower_LC5.fasta.fa.report,,,,,,
196118,1,0.04,genus,Methanocaldococcus,Huttenhower_LC5.fasta.fa.report,,,,,,
286,1,0.04,genus,Pseudomonas,Huttenhower_LC5.fasta.fa.report,,,,,,
234,1,0.04,genus,Brucella,Huttenhower_LC5.fasta.fa.report,,,,,,
204037,1,0.04,genus,Dickeya,Huttenhower_LC5.fasta.fa.report,,,,,,
316612,1,0.04,genus,Methylibium,Huttenhower_LC5.fasta.fa.report,,,,,,
379546,1,0.04,genus,Aciduliprofundum,Huttenhower_LC5.fasta.fa.report,,,,,,
1508657,1,0.04,genus,Ruminiclostridium,Huttenhower_LC5.fasta.fa.report,,,,,,
1883,2,0.08,genus,Streptomyces,Huttenhower_LC6.fasta.fa.report,,,,,,
1091,1,0.04,genus,Chlorobium,Huttenhower_LC6.fasta.fa.report,,,,,,
1129,1,0.04,genus,Synechococcus,Huttenhower_LC6.fasta.fa.report,,,,,,
171,1,0.04,genus,Leptospira,Huttenhower_LC6.fasta.fa.report,,,,,,
1301,1,0.04,genus,Streptococcus,Huttenhower_LC6.fasta.fa.report,,,,,,
1678,1,0.04,genus,Bifidobacterium,Huttenhower_LC6.fasta.fa.report,,,,,,
234,1,0.04,genus,Brucella,Huttenhower_LC6.fasta.fa.report,,,,,,
1854,1,0.04,genus,Frankia,Huttenhower_LC6.fasta.fa.report,,,,,,
286,1,0.04,genus,Pseudomonas,Huttenhower_LC6.fasta.fa.report,,,,,,
2093,1,0.04,genus,Mycoplasma,Huttenhower_LC6.fasta.fa.report,,,,,,
2172,1,0.04,genus,Methanobrevibacter,Huttenhower_LC6.fasta.fa.report,,,,,,
2697,1,0.04,genus,Heliobacterium,Huttenhower_LC6.fasta.fa.report,,,,,,
745,1,0.04,genus,Pasteurella,Huttenhower_LC6.fasta.fa.report,,,,,,
28895,1,0.04,genus,Thermoanaerobacterium,Huttenhower_LC6.fasta.fa.report,,,,,,
33973,1,0.04,genus,Acidobacterium,Huttenhower_LC6.fasta.fa.report,,,,,,
40323,1,0.04,genus,Stenotrophomonas,Huttenhower_LC6.fasta.fa.report,,,,,,
54253,1,0.04,genus,Thermosphaera,Huttenhower_LC6.fasta.fa.report,,,,,,
768,1,0.04,genus,Anaplasma,Huttenhower_LC6.fasta.fa.report,,,,,,
104264,1,0.04,genus,Cellulophaga,Huttenhower_LC6.fasta.fa.report,,,,,,
122277,1,0.04,genus,Pectobacterium,Huttenhower_LC6.fasta.fa.report,,,,,,
773,1,0.04,genus,Bartonella,Huttenhower_LC6.fasta.fa.report,,,,,,
201096,1,0.04,genus,Alicycliphilus,Huttenhower_LC6.fasta.fa.report,,,,,,
230355,1,0.04,genus,Methanolacinia,Huttenhower_LC6.fasta.fa.report,,,,,,
364316,1,0.04,genus,Verminephrobacter,Huttenhower_LC6.fasta.fa.report,,,,,,
234,1,0.04,genus,Brucella,Huttenhower_LC7.fasta.fa.report,,,,,,
713,1,0.04,genus,Actinobacillus,Huttenhower_LC7.fasta.fa.report,,,,,,
1243,1,0.04,genus,Leuconostoc,Huttenhower_LC7.fasta.fa.report,,,,,,
1301,1,0.04,genus,Streptococcus,Huttenhower_LC7.fasta.fa.report,,,,,,
1637,1,0.04,genus,Listeria,Huttenhower_LC7.fasta.fa.report,,,,,,
776,1,0.04,genus,Coxiella,Huttenhower_LC7.fasta.fa.report,,,,,,
1763,1,0.04,genus,Mycobacterium,Huttenhower_LC7.fasta.fa.report,,,,,,
2093,1,0.04,genus,Mycoplasma,Huttenhower_LC7.fasta.fa.report,,,,,,
2175,1,0.04,genus,Methanohalophilus,Huttenhower_LC7.fasta.fa.report,,,,,,
2335,1,0.04,genus,Thermotoga,Huttenhower_LC7.fasta.fa.report,,,,,,
2701,1,0.04,genus,Gardnerella,Huttenhower_LC7.fasta.fa.report,,,,,,
41275,1,0.04,genus,Brevundimonas,Huttenhower_LC7.fasta.fa.report,,,,,,
45662,1,0.04,genus,Desulfohalobium,Huttenhower_LC7.fasta.fa.report,,,,,,
59753,1,0.04,genus,Alcanivorax,Huttenhower_LC7.fasta.fa.report,,,,,,
81461,1,0.04,genus,Thermanaerovibrio,Huttenhower_LC7.fasta.fa.report,,,,,,
780,1,0.04,genus,Rickettsia,Huttenhower_LC7.fasta.fa.report,,,,,,
106589,1,0.04,genus,Cupriavidus,Huttenhower_LC7.fasta.fa.report,,,,,,
120652,1,0.04,genus,Methylocella,Huttenhower_LC7.fasta.fa.report,,,,,,
129337,1,0.04,genus,Geobacillus,Huttenhower_LC7.fasta.fa.report,,,,,,
848,1,0.04,genus,Fusobacterium,Huttenhower_LC7.fasta.fa.report,,,,,,
269260,1,0.04,genus,Nitratifractor,Huttenhower_LC7.fasta.fa.report,,,,,,
319458,1,0.04,genus,Leadbetterella,Huttenhower_LC7.fasta.fa.report,,,,,,
64895,1,0.04,genus,Borreliella,Huttenhower_LC7.fasta.fa.report,,,,,,
978,1,0.04,genus,Cytophaga,Huttenhower_LC7.fasta.fa.report,,,,,,
1742993,1,0.04,genus,Pseudarthrobacter,Huttenhower_LC7.fasta.fa.report,,,,,,
22,2,0.08,genus,Shewanella,Huttenhower_LC8.fasta.fa.report,,,,,,
416916,2,0.08,genus,Aggregatibacter,Huttenhower_LC8.fasta.fa.report,,,,,,
914,1,0.04,genus,Nitrosomonas,Huttenhower_LC8.fasta.fa.report,,,,,,
40,1,0.04,genus,Stigmatella,Huttenhower_LC8.fasta.fa.report,,,,,,
1301,1,0.04,genus,Streptococcus,Huttenhower_LC8.fasta.fa.report,,,,,,
1485,1,0.04,genus,Clostridium,Huttenhower_LC8.fasta.fa.report,,,,,,
1578,1,0.04,genus,Lactobacillus,Huttenhower_LC8.fasta.fa.report,,,,,,
1754,1,0.04,genus,Thermoanaerobacter,Huttenhower_LC8.fasta.fa.report,,,,,,
407,1,0.04,genus,Methylobacterium,Huttenhower_LC8.fasta.fa.report,,,,,,
1883,1,0.04,genus,Streptomyces,Huttenhower_LC8.fasta.fa.report,,,,,,
2053,1,0.04,genus,Gordonia,Huttenhower_LC8.fasta.fa.report,,,,,,
2202,1,0.04,genus,Methanospirillum,Huttenhower_LC8.fasta.fa.report,,,,,,
2222,1,0.04,genus,Methanosaeta,Huttenhower_LC8.fasta.fa.report,,,,,,
28263,1,0.04,genus,Arcanobacterium,Huttenhower_LC8.fasta.fa.report,,,,,,
482,1,0.04,genus,Neisseria,Huttenhower_LC8.fasta.fa.report,,,,,,
32008,1,0.04,genus,Burkholderia,Huttenhower_LC8.fasta.fa.report,,,,,,
34072,1,0.04,genus,Variovorax,Huttenhower_LC8.fasta.fa.report,,,,,,
42255,1,0.04,genus,Rubrobacter,Huttenhower_LC8.fasta.fa.report,,,,,,
120961,1,0.04,genus,Roseiflexus,Huttenhower_LC8.fasta.fa.report,,,,,,
620,1,0.04,genus,Shigella,Huttenhower_LC8.fasta.fa.report,,,,,,
234,1,0.04,genus,Brucella,Huttenhower_LC8.fasta.fa.report,,,,,,
724,1,0.04,genus,Haemophilus,Huttenhower_LC8.fasta.fa.report,,,,,,
869,1,0.04,genus,Dichelobacter,Huttenhower_LC8.fasta.fa.report,,,,,,
1357,2,0.2,genus,Lactococcus,JGI_SRR033547.fa.report,,,,,,
1578,2,0.2,genus,Lactobacillus,JGI_SRR033547.fa.report,,,,,,
4930,1,0.1,genus,Saccharomyces,JGI_SRR033547.fa.report,,,,,,
1253,1,0.1,genus,Pediococcus,JGI_SRR033547.fa.report,,,,,,
2239,1,0.1,genus,Halobacterium,JGI_SRR033547.fa.report,,,,,,
32,1,0.1,genus,Myxococcus,JGI_SRR033547.fa.report,,,,,,
28048,1,0.1,genus,Acidothermus,JGI_SRR033547.fa.report,,,,,,
22,1,0.1,genus,Shewanella,JGI_SRR033547.fa.report,,,,,,
1357,2,0.2,genus,Lactococcus,JGI_SRR033548.fa.report,,,,,,
1578,2,0.2,genus,Lactobacillus,JGI_SRR033548.fa.report,,,,,,
4930,1,0.1,genus,Saccharomyces,JGI_SRR033548.fa.report,,,,,,
1253,1,0.1,genus,Pediococcus,JGI_SRR033548.fa.report,,,,,,
2239,1,0.1,genus,Halobacterium,JGI_SRR033548.fa.report,,,,,,
32,1,0.1,genus,Myxococcus,JGI_SRR033548.fa.report,,,,,,
28048,1,0.1,genus,Acidothermus,JGI_SRR033548.fa.report,,,,,,
22,1,0.1,genus,Shewanella,JGI_SRR033548.fa.report,,,,,,
1357,2,0.2,genus,Lactococcus,JGI_SRR033549.fa.report,,,,,,
1578,2,0.2,genus,Lactobacillus,JGI_SRR033549.fa.report,,,,,,
4930,1,0.1,genus,Saccharomyces,JGI_SRR033549.fa.report,,,,,,
1253,1,0.1,genus,Pediococcus,JGI_SRR033549.fa.report,,,,,,
2239,1,0.1,genus,Halobacterium,JGI_SRR033549.fa.report,,,,,,
32,1,0.1,genus,Myxococcus,JGI_SRR033549.fa.report,,,,,,
28048,1,0.1,genus,Acidothermus,JGI_SRR033549.fa.report,,,,,,
22,1,0.1,genus,Shewanella,JGI_SRR033549.fa.report,,,,,,
22,8,0.0708,genus,Shewanella,Mavromatis_simHC.fasta.fa.report,,,,,,
32008,5,0.04425,genus,Burkholderia,Mavromatis_simHC.fasta.fa.report,,,,,,
1073,4,0.0354,genus,Rhodopseudomonas,Mavromatis_simHC.fasta.fa.report,,,,,,
1578,4,0.0354,genus,Lactobacillus,Mavromatis_simHC.fasta.fa.report,,,,,,
286,3,0.02655,genus,Pseudomonas,Mavromatis_simHC.fasta.fa.report,,,,,,
1091,3,0.02655,genus,Chlorobium,Mavromatis_simHC.fasta.fa.report,,,,,,
943,2,0.0177,genus,Ehrlichia,Mavromatis_simHC.fasta.fa.report,,,,,,
1301,2,0.0177,genus,Streptococcus,Mavromatis_simHC.fasta.fa.report,,,,,,
911,2,0.0177,genus,Nitrobacter,Mavromatis_simHC.fasta.fa.report,,,,,,
1099,2,0.0177,genus,Pelodictyon,Mavromatis_simHC.fasta.fa.report,,,,,,
1854,2,0.0177,genus,Frankia,Mavromatis_simHC.fasta.fa.report,,,,,,
1101,2,0.0177,genus,Prosthecochloris,Mavromatis_simHC.fasta.fa.report,,,,,,
2370,2,0.0177,genus,Xylella,Mavromatis_simHC.fasta.fa.report,,,,,,
18,2,0.0177,genus,Pelobacter,Mavromatis_simHC.fasta.fa.report,,,,,,
1218,2,0.0177,genus,Prochlorococcus,Mavromatis_simHC.fasta.fa.report,,,,,,
497,2,0.0177,genus,Psychrobacter,Mavromatis_simHC.fasta.fa.report,,,,,,
1253,1,0.00885,genus,Pediococcus,Mavromatis_simHC.fasta.fa.report,,,,,,
1298,1,0.00885,genus,Deinococcus,Mavromatis_simHC.fasta.fa.report,,,,,,
862,1,0.00885,genus,Syntrophomonas,Mavromatis_simHC.fasta.fa.report,,,,,,
1350,1,0.00885,genus,Enterococcus,Mavromatis_simHC.fasta.fa.report,,,,,,
1357,1,0.00885,genus,Lactococcus,Mavromatis_simHC.fasta.fa.report,,,,,,
872,1,0.00885,genus,Desulfovibrio,Mavromatis_simHC.fasta.fa.report,,,,,,
1386,1,0.00885,genus,Bacillus,Mavromatis_simHC.fasta.fa.report,,,,,,
1485,1,0.00885,genus,Clostridium,Mavromatis_simHC.fasta.fa.report,,,,,,
1663,1,0.00885,genus,Arthrobacter,Mavromatis_simHC.fasta.fa.report,,,,,,
1678,1,0.00885,genus,Bifidobacterium,Mavromatis_simHC.fasta.fa.report,,,,,,
1696,1,0.00885,genus,Brevibacterium,Mavromatis_simHC.fasta.fa.report,,,,,,
1754,1,0.00885,genus,Thermoanaerobacter,Mavromatis_simHC.fasta.fa.report,,,,,,
1839,1,0.00885,genus,Nocardioides,Mavromatis_simHC.fasta.fa.report,,,,,,
914,1,0.00885,genus,Nitrosomonas,Mavromatis_simHC.fasta.fa.report,,,,,,
2202,1,0.00885,genus,Methanospirillum,Mavromatis_simHC.fasta.fa.report,,,,,,
2207,1,0.00885,genus,Methanosarcina,Mavromatis_simHC.fasta.fa.report,,,,,,
2225,1,0.00885,genus,Methanococcoides,Mavromatis_simHC.fasta.fa.report,,,,,,
919,1,0.00885,genus,Thiobacillus,Mavromatis_simHC.fasta.fa.report,,,,,,
933,1,0.00885,genus,Thiomicrospira,Mavromatis_simHC.fasta.fa.report,,,,,,
2742,1,0.00885,genus,Marinobacter,Mavromatis_simHC.fasta.fa.report,,,,,,
28065,1,0.00885,genus,Rhodoferax,Mavromatis_simHC.fasta.fa.report,,,,,,
28231,1,0.00885,genus,Geobacter,Mavromatis_simHC.fasta.fa.report,,,,,,
29526,1,0.00885,genus,Syntrophobacter,Mavromatis_simHC.fasta.fa.report,,,,,,
978,1,0.00885,genus,Cytophaga,Mavromatis_simHC.fasta.fa.report,,,,,,
1060,1,0.00885,genus,Rhodobacter,Mavromatis_simHC.fasta.fa.report,,,,,,
33981,1,0.00885,genus,Kineococcus,Mavromatis_simHC.fasta.fa.report,,,,,,
33986,1,0.00885,genus,Exiguobacterium,Mavromatis_simHC.fasta.fa.report,,,,,,
35798,1,0.00885,genus,Nitrosospira,Mavromatis_simHC.fasta.fa.report,,,,,,
36853,1,0.00885,genus,Desulfitobacterium,Mavromatis_simHC.fasta.fa.report,,,,,,
42054,1,0.00885,genus,Chromohalobacter,Mavromatis_simHC.fasta.fa.report,,,,,,
42255,1,0.00885,genus,Rubrobacter,Mavromatis_simHC.fasta.fa.report,,,,,,
44000,1,0.00885,genus,Caldicellulosiruptor,Mavromatis_simHC.fasta.fa.report,,,,,,
44260,1,0.00885,genus,Moorella,Mavromatis_simHC.fasta.fa.report,,,,,,
46254,1,0.00885,genus,Oenococcus,Mavromatis_simHC.fasta.fa.report,,,,,,
52972,1,0.00885,genus,Polaromonas,Mavromatis_simHC.fasta.fa.report,,,,,,
53246,1,0.00885,genus,Pseudoalteromonas,Mavromatis_simHC.fasta.fa.report,,,,,,
1081,1,0.00885,genus,Rhodospirillum,Mavromatis_simHC.fasta.fa.report,,,,,,
73029,1,0.00885,genus,Dechloromonas,Mavromatis_simHC.fasta.fa.report,,,,,,
352,1,0.00885,genus,Azotobacter,Mavromatis_simHC.fasta.fa.report,,,,,,
74968,1,0.00885,genus,Ferroplasma,Mavromatis_simHC.fasta.fa.report,,,,,,
83677,1,0.00885,genus,Thermobifida,Mavromatis_simHC.fasta.fa.report,,,,,,
1822464,1,0.00885,genus,Paraburkholderia,Mavromatis_simHC.fasta.fa.report,,,,,,
1107,1,0.00885,genus,Chloroflexus,Mavromatis_simHC.fasta.fa.report,,,,,,
97050,1,0.00885,genus,Ruegeria,Mavromatis_simHC.fasta.fa.report,,,,,,
114627,1,0.00885,genus,Alkaliphilus,Mavromatis_simHC.fasta.fa.report,,,,,,
374,1,0.00885,genus,Bradyrhizobium,Mavromatis_simHC.fasta.fa.report,,,,,,
133193,1,0.00885,genus,Alkalilimnicola,Mavromatis_simHC.fasta.fa.report,,,,,,
404,1,0.00885,genus,Methylobacillus,Mavromatis_simHC.fasta.fa.report,,,,,,
1129,1,0.00885,genus,Synechococcus,Mavromatis_simHC.fasta.fa.report,,,,,,
161492,1,0.00885,genus,Anaeromyxobacter,Mavromatis_simHC.fasta.fa.report,,,,,,
162171,1,0.00885,genus,Magnetococcus,Mavromatis_simHC.fasta.fa.report,,,,,,
165696,1,0.00885,genus,Novosphingobium,Mavromatis_simHC.fasta.fa.report,,,,,,
165697,1,0.00885,genus,Sphingopyxis,Mavromatis_simHC.fasta.fa.report,,,,,,
1163,1,0.00885,genus,Anabaena,Mavromatis_simHC.fasta.fa.report,,,,,,
1205,1,0.00885,genus,Trichodesmium,Mavromatis_simHC.fasta.fa.report,,,,,,
188905,1,0.00885,genus,Jannaschia,Mavromatis_simHC.fasta.fa.report,,,,,,
202746,1,0.00885,genus,Sulfurimonas,Mavromatis_simHC.fasta.fa.report,,,,,,
265,1,0.00885,genus,Paracoccus,Mavromatis_simHC.fasta.fa.report,,,,,,
713,1,0.00885,genus,Actinobacillus,Mavromatis_simHC.fasta.fa.report,,,,,,
1227,1,0.00885,genus,Nitrosococcus,Mavromatis_simHC.fasta.fa.report,,,,,,
214906,1,0.00885,genus,Histophilus,Mavromatis_simHC.fasta.fa.report,,,,,,
263510,1,0.00885,genus,Crocosphaera,Mavromatis_simHC.fasta.fa.report,,,,,,
316625,1,0.00885,genus,Saccharophagus,Mavromatis_simHC.fasta.fa.report,,,,,,
449972,1,0.00885,genus,Chelativorans,Mavromatis_simHC.fasta.fa.report,,,,,,
1508657,1,0.00885,genus,Ruminiclostridium,Mavromatis_simHC.fasta.fa.report,,,,,,
1243,1,0.00885,genus,Leuconostoc,Mavromatis_simHC.fasta.fa.report,,,,,,
22,8,0.0708,genus,Shewanella,Mavromatis_simLC.fasta.fa.report,,,,,,
32008,5,0.04425,genus,Burkholderia,Mavromatis_simLC.fasta.fa.report,,,,,,
1073,4,0.0354,genus,Rhodopseudomonas,Mavromatis_simLC.fasta.fa.report,,,,,,
1578,4,0.0354,genus,Lactobacillus,Mavromatis_simLC.fasta.fa.report,,,,,,
286,3,0.02655,genus,Pseudomonas,Mavromatis_simLC.fasta.fa.report,,,,,,
1091,3,0.02655,genus,Chlorobium,Mavromatis_simLC.fasta.fa.report,,,,,,
943,2,0.0177,genus,Ehrlichia,Mavromatis_simLC.fasta.fa.report,,,,,,
1301,2,0.0177,genus,Streptococcus,Mavromatis_simLC.fasta.fa.report,,,,,,
911,2,0.0177,genus,Nitrobacter,Mavromatis_simLC.fasta.fa.report,,,,,,
1099,2,0.0177,genus,Pelodictyon,Mavromatis_simLC.fasta.fa.report,,,,,,
1854,2,0.0177,genus,Frankia,Mavromatis_simLC.fasta.fa.report,,,,,,
1101,2,0.0177,genus,Prosthecochloris,Mavromatis_simLC.fasta.fa.report,,,,,,
2370,2,0.0177,genus,Xylella,Mavromatis_simLC.fasta.fa.report,,,,,,
18,2,0.0177,genus,Pelobacter,Mavromatis_simLC.fasta.fa.report,,,,,,
1218,2,0.0177,genus,Prochlorococcus,Mavromatis_simLC.fasta.fa.report,,,,,,
497,2,0.0177,genus,Psychrobacter,Mavromatis_simLC.fasta.fa.report,,,,,,
1253,1,0.00885,genus,Pediococcus,Mavromatis_simLC.fasta.fa.report,,,,,,
1298,1,0.00885,genus,Deinococcus,Mavromatis_simLC.fasta.fa.report,,,,,,
862,1,0.00885,genus,Syntrophomonas,Mavromatis_simLC.fasta.fa.report,,,,,,
1350,1,0.00885,genus,Enterococcus,Mavromatis_simLC.fasta.fa.report,,,,,,
1357,1,0.00885,genus,Lactococcus,Mavromatis_simLC.fasta.fa.report,,,,,,
872,1,0.00885,genus,Desulfovibrio,Mavromatis_simLC.fasta.fa.report,,,,,,
1386,1,0.00885,genus,Bacillus,Mavromatis_simLC.fasta.fa.report,,,,,,
1485,1,0.00885,genus,Clostridium,Mavromatis_simLC.fasta.fa.report,,,,,,
1663,1,0.00885,genus,Arthrobacter,Mavromatis_simLC.fasta.fa.report,,,,,,
1678,1,0.00885,genus,Bifidobacterium,Mavromatis_simLC.fasta.fa.report,,,,,,
1696,1,0.00885,genus,Brevibacterium,Mavromatis_simLC.fasta.fa.report,,,,,,
1754,1,0.00885,genus,Thermoanaerobacter,Mavromatis_simLC.fasta.fa.report,,,,,,
1839,1,0.00885,genus,Nocardioides,Mavromatis_simLC.fasta.fa.report,,,,,,
914,1,0.00885,genus,Nitrosomonas,Mavromatis_simLC.fasta.fa.report,,,,,,
2202,1,0.00885,genus,Methanospirillum,Mavromatis_simLC.fasta.fa.report,,,,,,
2207,1,0.00885,genus,Methanosarcina,Mavromatis_simLC.fasta.fa.report,,,,,,
2225,1,0.00885,genus,Methanococcoides,Mavromatis_simLC.fasta.fa.report,,,,,,
919,1,0.00885,genus,Thiobacillus,Mavromatis_simLC.fasta.fa.report,,,,,,
933,1,0.00885,genus,Thiomicrospira,Mavromatis_simLC.fasta.fa.report,,,,,,
2742,1,0.00885,genus,Marinobacter,Mavromatis_simLC.fasta.fa.report,,,,,,
28065,1,0.00885,genus,Rhodoferax,Mavromatis_simLC.fasta.fa.report,,,,,,
28231,1,0.00885,genus,Geobacter,Mavromatis_simLC.fasta.fa.report,,,,,,
29526,1,0.00885,genus,Syntrophobacter,Mavromatis_simLC.fasta.fa.report,,,,,,
978,1,0.00885,genus,Cytophaga,Mavromatis_simLC.fasta.fa.report,,,,,,
1060,1,0.00885,genus,Rhodobacter,Mavromatis_simLC.fasta.fa.report,,,,,,
33981,1,0.00885,genus,Kineococcus,Mavromatis_simLC.fasta.fa.report,,,,,,
33986,1,0.00885,genus,Exiguobacterium,Mavromatis_simLC.fasta.fa.report,,,,,,
35798,1,0.00885,genus,Nitrosospira,Mavromatis_simLC.fasta.fa.report,,,,,,
36853,1,0.00885,genus,Desulfitobacterium,Mavromatis_simLC.fasta.fa.report,,,,,,
42054,1,0.00885,genus,Chromohalobacter,Mavromatis_simLC.fasta.fa.report,,,,,,
42255,1,0.00885,genus,Rubrobacter,Mavromatis_simLC.fasta.fa.report,,,,,,
44000,1,0.00885,genus,Caldicellulosiruptor,Mavromatis_simLC.fasta.fa.report,,,,,,
44260,1,0.00885,genus,Moorella,Mavromatis_simLC.fasta.fa.report,,,,,,
46254,1,0.00885,genus,Oenococcus,Mavromatis_simLC.fasta.fa.report,,,,,,
52972,1,0.00885,genus,Polaromonas,Mavromatis_simLC.fasta.fa.report,,,,,,
53246,1,0.00885,genus,Pseudoalteromonas,Mavromatis_simLC.fasta.fa.report,,,,,,
1081,1,0.00885,genus,Rhodospirillum,Mavromatis_simLC.fasta.fa.report,,,,,,
73029,1,0.00885,genus,Dechloromonas,Mavromatis_simLC.fasta.fa.report,,,,,,
352,1,0.00885,genus,Azotobacter,Mavromatis_simLC.fasta.fa.report,,,,,,
74968,1,0.00885,genus,Ferroplasma,Mavromatis_simLC.fasta.fa.report,,,,,,
83677,1,0.00885,genus,Thermobifida,Mavromatis_simLC.fasta.fa.report,,,,,,
1822464,1,0.00885,genus,Paraburkholderia,Mavromatis_simLC.fasta.fa.report,,,,,,
1107,1,0.00885,genus,Chloroflexus,Mavromatis_simLC.fasta.fa.report,,,,,,
97050,1,0.00885,genus,Ruegeria,Mavromatis_simLC.fasta.fa.report,,,,,,
114627,1,0.00885,genus,Alkaliphilus,Mavromatis_simLC.fasta.fa.report,,,,,,
374,1,0.00885,genus,Bradyrhizobium,Mavromatis_simLC.fasta.fa.report,,,,,,
133193,1,0.00885,genus,Alkalilimnicola,Mavromatis_simLC.fasta.fa.report,,,,,,
404,1,0.00885,genus,Methylobacillus,Mavromatis_simLC.fasta.fa.report,,,,,,
1129,1,0.00885,genus,Synechococcus,Mavromatis_simLC.fasta.fa.report,,,,,,
161492,1,0.00885,genus,Anaeromyxobacter,Mavromatis_simLC.fasta.fa.report,,,,,,
162171,1,0.00885,genus,Magnetococcus,Mavromatis_simLC.fasta.fa.report,,,,,,
165696,1,0.00885,genus,Novosphingobium,Mavromatis_simLC.fasta.fa.report,,,,,,
165697,1,0.00885,genus,Sphingopyxis,Mavromatis_simLC.fasta.fa.report,,,,,,
1163,1,0.00885,genus,Anabaena,Mavromatis_simLC.fasta.fa.report,,,,,,
1205,1,0.00885,genus,Trichodesmium,Mavromatis_simLC.fasta.fa.report,,,,,,
188905,1,0.00885,genus,Jannaschia,Mavromatis_simLC.fasta.fa.report,,,,,,
202746,1,0.00885,genus,Sulfurimonas,Mavromatis_simLC.fasta.fa.report,,,,,,
265,1,0.00885,genus,Paracoccus,Mavromatis_simLC.fasta.fa.report,,,,,,
713,1,0.00885,genus,Actinobacillus,Mavromatis_simLC.fasta.fa.report,,,,,,
1227,1,0.00885,genus,Nitrosococcus,Mavromatis_simLC.fasta.fa.report,,,,,,
214906,1,0.00885,genus,Histophilus,Mavromatis_simLC.fasta.fa.report,,,,,,
263510,1,0.00885,genus,Crocosphaera,Mavromatis_simLC.fasta.fa.report,,,,,,
316625,1,0.00885,genus,Saccharophagus,Mavromatis_simLC.fasta.fa.report,,,,,,
449972,1,0.00885,genus,Chelativorans,Mavromatis_simLC.fasta.fa.report,,,,,,
1508657,1,0.00885,genus,Ruminiclostridium,Mavromatis_simLC.fasta.fa.report,,,,,,
1243,1,0.00885,genus,Leuconostoc,Mavromatis_simLC.fasta.fa.report,,,,,,
22,8,0.0708,genus,Shewanella,Mavromatis_simMC.fasta.fa.report,,,,,,
32008,5,0.04425,genus,Burkholderia,Mavromatis_simMC.fasta.fa.report,,,,,,
1073,4,0.0354,genus,Rhodopseudomonas,Mavromatis_simMC.fasta.fa.report,,,,,,
1578,4,0.0354,genus,Lactobacillus,Mavromatis_simMC.fasta.fa.report,,,,,,
286,3,0.02655,genus,Pseudomonas,Mavromatis_simMC.fasta.fa.report,,,,,,
1091,3,0.02655,genus,Chlorobium,Mavromatis_simMC.fasta.fa.report,,,,,,
943,2,0.0177,genus,Ehrlichia,Mavromatis_simMC.fasta.fa.report,,,,,,
1301,2,0.0177,genus,Streptococcus,Mavromatis_simMC.fasta.fa.report,,,,,,
911,2,0.0177,genus,Nitrobacter,Mavromatis_simMC.fasta.fa.report,,,,,,
1099,2,0.0177,genus,Pelodictyon,Mavromatis_simMC.fasta.fa.report,,,,,,
1854,2,0.0177,genus,Frankia,Mavromatis_simMC.fasta.fa.report,,,,,,
1101,2,0.0177,genus,Prosthecochloris,Mavromatis_simMC.fasta.fa.report,,,,,,
2370,2,0.0177,genus,Xylella,Mavromatis_simMC.fasta.fa.report,,,,,,
18,2,0.0177,genus,Pelobacter,Mavromatis_simMC.fasta.fa.report,,,,,,
1218,2,0.0177,genus,Prochlorococcus,Mavromatis_simMC.fasta.fa.report,,,,,,
497,2,0.0177,genus,Psychrobacter,Mavromatis_simMC.fasta.fa.report,,,,,,
1253,1,0.00885,genus,Pediococcus,Mavromatis_simMC.fasta.fa.report,,,,,,
1298,1,0.00885,genus,Deinococcus,Mavromatis_simMC.fasta.fa.report,,,,,,
862,1,0.00885,genus,Syntrophomonas,Mavromatis_simMC.fasta.fa.report,,,,,,
1350,1,0.00885,genus,Enterococcus,Mavromatis_simMC.fasta.fa.report,,,,,,
1357,1,0.00885,genus,Lactococcus,Mavromatis_simMC.fasta.fa.report,,,,,,
872,1,0.00885,genus,Desulfovibrio,Mavromatis_simMC.fasta.fa.report,,,,,,
1386,1,0.00885,genus,Bacillus,Mavromatis_simMC.fasta.fa.report,,,,,,
1485,1,0.00885,genus,Clostridium,Mavromatis_simMC.fasta.fa.report,,,,,,
1663,1,0.00885,genus,Arthrobacter,Mavromatis_simMC.fasta.fa.report,,,,,,
1678,1,0.00885,genus,Bifidobacterium,Mavromatis_simMC.fasta.fa.report,,,,,,
1696,1,0.00885,genus,Brevibacterium,Mavromatis_simMC.fasta.fa.report,,,,,,
1754,1,0.00885,genus,Thermoanaerobacter,Mavromatis_simMC.fasta.fa.report,,,,,,
1839,1,0.00885,genus,Nocardioides,Mavromatis_simMC.fasta.fa.report,,,,,,
914,1,0.00885,genus,Nitrosomonas,Mavromatis_simMC.fasta.fa.report,,,,,,
2202,1,0.00885,genus,Methanospirillum,Mavromatis_simMC.fasta.fa.report,,,,,,
2207,1,0.00885,genus,Methanosarcina,Mavromatis_simMC.fasta.fa.report,,,,,,
2225,1,0.00885,genus,Methanococcoides,Mavromatis_simMC.fasta.fa.report,,,,,,
919,1,0.00885,genus,Thiobacillus,Mavromatis_simMC.fasta.fa.report,,,,,,
933,1,0.00885,genus,Thiomicrospira,Mavromatis_simMC.fasta.fa.report,,,,,,
2742,1,0.00885,genus,Marinobacter,Mavromatis_simMC.fasta.fa.report,,,,,,
28065,1,0.00885,genus,Rhodoferax,Mavromatis_simMC.fasta.fa.report,,,,,,
28231,1,0.00885,genus,Geobacter,Mavromatis_simMC.fasta.fa.report,,,,,,
29526,1,0.00885,genus,Syntrophobacter,Mavromatis_simMC.fasta.fa.report,,,,,,
978,1,0.00885,genus,Cytophaga,Mavromatis_simMC.fasta.fa.report,,,,,,
1060,1,0.00885,genus,Rhodobacter,Mavromatis_simMC.fasta.fa.report,,,,,,
33981,1,0.00885,genus,Kineococcus,Mavromatis_simMC.fasta.fa.report,,,,,,
33986,1,0.00885,genus,Exiguobacterium,Mavromatis_simMC.fasta.fa.report,,,,,,
35798,1,0.00885,genus,Nitrosospira,Mavromatis_simMC.fasta.fa.report,,,,,,
36853,1,0.00885,genus,Desulfitobacterium,Mavromatis_simMC.fasta.fa.report,,,,,,
42054,1,0.00885,genus,Chromohalobacter,Mavromatis_simMC.fasta.fa.report,,,,,,
42255,1,0.00885,genus,Rubrobacter,Mavromatis_simMC.fasta.fa.report,,,,,,
44000,1,0.00885,genus,Caldicellulosiruptor,Mavromatis_simMC.fasta.fa.report,,,,,,
44260,1,0.00885,genus,Moorella,Mavromatis_simMC.fasta.fa.report,,,,,,
46254,1,0.00885,genus,Oenococcus,Mavromatis_simMC.fasta.fa.report,,,,,,
52972,1,0.00885,genus,Polaromonas,Mavromatis_simMC.fasta.fa.report,,,,,,
53246,1,0.00885,genus,Pseudoalteromonas,Mavromatis_simMC.fasta.fa.report,,,,,,
1081,1,0.00885,genus,Rhodospirillum,Mavromatis_simMC.fasta.fa.report,,,,,,
73029,1,0.00885,genus,Dechloromonas,Mavromatis_simMC.fasta.fa.report,,,,,,
352,1,0.00885,genus,Azotobacter,Mavromatis_simMC.fasta.fa.report,,,,,,
74968,1,0.00885,genus,Ferroplasma,Mavromatis_simMC.fasta.fa.report,,,,,,
83677,1,0.00885,genus,Thermobifida,Mavromatis_simMC.fasta.fa.report,,,,,,
1822464,1,0.00885,genus,Paraburkholderia,Mavromatis_simMC.fasta.fa.report,,,,,,
1107,1,0.00885,genus,Chloroflexus,Mavromatis_simMC.fasta.fa.report,,,,,,
97050,1,0.00885,genus,Ruegeria,Mavromatis_simMC.fasta.fa.report,,,,,,
114627,1,0.00885,genus,Alkaliphilus,Mavromatis_simMC.fasta.fa.report,,,,,,
374,1,0.00885,genus,Bradyrhizobium,Mavromatis_simMC.fasta.fa.report,,,,,,
133193,1,0.00885,genus,Alkalilimnicola,Mavromatis_simMC.fasta.fa.report,,,,,,
404,1,0.00885,genus,Methylobacillus,Mavromatis_simMC.fasta.fa.report,,,,,,
1129,1,0.00885,genus,Synechococcus,Mavromatis_simMC.fasta.fa.report,,,,,,
161492,1,0.00885,genus,Anaeromyxobacter,Mavromatis_simMC.fasta.fa.report,,,,,,
162171,1,0.00885,genus,Magnetococcus,Mavromatis_simMC.fasta.fa.report,,,,,,
165696,1,0.00885,genus,Novosphingobium,Mavromatis_simMC.fasta.fa.report,,,,,,
165697,1,0.00885,genus,Sphingopyxis,Mavromatis_simMC.fasta.fa.report,,,,,,
1163,1,0.00885,genus,Anabaena,Mavromatis_simMC.fasta.fa.report,,,,,,
1205,1,0.00885,genus,Trichodesmium,Mavromatis_simMC.fasta.fa.report,,,,,,
188905,1,0.00885,genus,Jannaschia,Mavromatis_simMC.fasta.fa.report,,,,,,
202746,1,0.00885,genus,Sulfurimonas,Mavromatis_simMC.fasta.fa.report,,,,,,
265,1,0.00885,genus,Paracoccus,Mavromatis_simMC.fasta.fa.report,,,,,,
713,1,0.00885,genus,Actinobacillus,Mavromatis_simMC.fasta.fa.report,,,,,,
1227,1,0.00885,genus,Nitrosococcus,Mavromatis_simMC.fasta.fa.report,,,,,,
214906,1,0.00885,genus,Histophilus,Mavromatis_simMC.fasta.fa.report,,,,,,
263510,1,0.00885,genus,Crocosphaera,Mavromatis_simMC.fasta.fa.report,,,,,,
316625,1,0.00885,genus,Saccharophagus,Mavromatis_simMC.fasta.fa.report,,,,,,
449972,1,0.00885,genus,Chelativorans,Mavromatis_simMC.fasta.fa.report,,,,,,
1508657,1,0.00885,genus,Ruminiclostridium,Mavromatis_simMC.fasta.fa.report,,,,,,
1243,1,0.00885,genus,Leuconostoc,Mavromatis_simMC.fasta.fa.report,,,,,,
780,1,0.01887,genus,Rickettsia,Raiphy_eval_RAIphy.fasta.fa.report,,,,,,
810,1,0.01887,genus,Chlamydia,Raiphy_eval_RAIphy.fasta.fa.report,,,,,,
816,1,0.01887,genus,Bacteroides,Raiphy_eval_RAIphy.fasta.fa.report,,,,,,
773,1,0.01887,genus,Bartonella,Raiphy_eval_RAIphy.fasta.fa.report,,,,,,
943,1,0.01887,genus,Ehrlichia,Raiphy_eval_RAIphy.fasta.fa.report,,,,,,
953,1,0.01887,genus,Wolbachia,Raiphy_eval_RAIphy.fasta.fa.report,,,,,,
1091,1,0.01887,genus,Chlorobium,Raiphy_eval_RAIphy.fasta.fa.report,,,,,,
1107,1,0.01887,genus,Chloroflexus,Raiphy_eval_RAIphy.fasta.fa.report,,,,,,
1129,1,0.01887,genus,Synechococcus,Raiphy_eval_RAIphy.fasta.fa.report,,,,,,
662,1,0.01887,genus,Vibrio,Raiphy_eval_RAIphy.fasta.fa.report,,,,,,
1279,1,0.01887,genus,Staphylococcus,Raiphy_eval_RAIphy.fasta.fa.report,,,,,,
1301,1,0.01887,genus,Streptococcus,Raiphy_eval_RAIphy.fasta.fa.report,,,,,,
1386,1,0.01887,genus,Bacillus,Raiphy_eval_RAIphy.fasta.fa.report,,,,,,
1485,1,0.01887,genus,Clostridium,Raiphy_eval_RAIphy.fasta.fa.report,,,,,,
1578,1,0.01887,genus,Lactobacillus,Raiphy_eval_RAIphy.fasta.fa.report,,,,,,
1637,1,0.01887,genus,Listeria,Raiphy_eval_RAIphy.fasta.fa.report,,,,,,
1678,1,0.01887,genus,Bifidobacterium,Raiphy_eval_RAIphy.fasta.fa.report,,,,,,
1716,1,0.01887,genus,Corynebacterium,Raiphy_eval_RAIphy.fasta.fa.report,,,,,,
1763,1,0.01887,genus,Mycobacterium,Raiphy_eval_RAIphy.fasta.fa.report,,,,,,
1854,1,0.01887,genus,Frankia,Raiphy_eval_RAIphy.fasta.fa.report,,,,,,
1883,1,0.01887,genus,Streptomyces,Raiphy_eval_RAIphy.fasta.fa.report,,,,,,
2093,1,0.01887,genus,Mycoplasma,Raiphy_eval_RAIphy.fasta.fa.report,,,,,,
629,1,0.01887,genus,Yersinia,Raiphy_eval_RAIphy.fasta.fa.report,,,,,,
2184,1,0.01887,genus,Methanococcus,Raiphy_eval_RAIphy.fasta.fa.report,,,,,,
2207,1,0.01887,genus,Methanosarcina,Raiphy_eval_RAIphy.fasta.fa.report,,,,,,
2260,1,0.01887,genus,Pyrococcus,Raiphy_eval_RAIphy.fasta.fa.report,,,,,,
2276,1,0.01887,genus,Pyrobaculum,Raiphy_eval_RAIphy.fasta.fa.report,,,,,,
2284,1,0.01887,genus,Sulfolobus,Raiphy_eval_RAIphy.fasta.fa.report,,,,,,
2335,1,0.01887,genus,Thermotoga,Raiphy_eval_RAIphy.fasta.fa.report,,,,,,
620,1,0.01887,genus,Shigella,Raiphy_eval_RAIphy.fasta.fa.report,,,,,,
28231,1,0.01887,genus,Geobacter,Raiphy_eval_RAIphy.fasta.fa.report,,,,,,
517,1,0.01887,genus,Bordetella,Raiphy_eval_RAIphy.fasta.fa.report,,,,,,
497,1,0.01887,genus,Psychrobacter,Raiphy_eval_RAIphy.fasta.fa.report,,,,,,
32008,1,0.01887,genus,Burkholderia,Raiphy_eval_RAIphy.fasta.fa.report,,,,,,
33926,1,0.01887,genus,Candidatus Phytoplasma,Raiphy_eval_RAIphy.fasta.fa.report,,,,,,
407,1,0.01887,genus,Methylobacterium,Raiphy_eval_RAIphy.fasta.fa.report,,,,,,
61434,1,0.01887,genus,Dehalococcoides,Raiphy_eval_RAIphy.fasta.fa.report,,,,,,
64895,1,0.01887,genus,Borreliella,Raiphy_eval_RAIphy.fasta.fa.report,,,,,,
374,1,0.01887,genus,Bradyrhizobium,Raiphy_eval_RAIphy.fasta.fa.report,,,,,,
338,1,0.01887,genus,Xanthomonas,Raiphy_eval_RAIphy.fasta.fa.report,,,,,,
286,1,0.01887,genus,Pseudomonas,Raiphy_eval_RAIphy.fasta.fa.report,,,,,,
106589,1,0.01887,genus,Cupriavidus,Raiphy_eval_RAIphy.fasta.fa.report,,,,,,
262,1,0.01887,genus,Francisella,Raiphy_eval_RAIphy.fasta.fa.report,,,,,,
161492,1,0.01887,genus,Anaeromyxobacter,Raiphy_eval_RAIphy.fasta.fa.report,,,,,,
234,1,0.01887,genus,Brucella,Raiphy_eval_RAIphy.fasta.fa.report,,,,,,
209,1,0.01887,genus,Helicobacter,Raiphy_eval_RAIphy.fasta.fa.report,,,,,,
194,1,0.01887,genus,Campylobacter,Raiphy_eval_RAIphy.fasta.fa.report,,,,,,
171,1,0.01887,genus,Leptospira,Raiphy_eval_RAIphy.fasta.fa.report,,,,,,
214906,1,0.01887,genus,Histophilus,Raiphy_eval_RAIphy.fasta.fa.report,,,,,,
249529,1,0.01887,genus,Caldanaerobacter,Raiphy_eval_RAIphy.fasta.fa.report,,,,,,
1742992,1,0.01887,genus,Paenarthrobacter,Raiphy_eval_RAIphy.fasta.fa.report,,,,,,
22,1,0.01887,genus,Shewanella,Raiphy_eval_RAIphy.fasta.fa.report,,,,,,
43988,1,0.01887,genus,Cyanothece,Raiphy_eval_RAIphy.fasta.fa.report,,,,,,
1678,238268,0.0416,genus,Bifidobacterium,UnAmbiguouslyMapped_ds.7.fa.report,,,,,,
662,225909,0.03944,genus,Vibrio,UnAmbiguouslyMapped_ds.7.fa.report,,,,,,
1243,124215,0.02169,genus,Leuconostoc,UnAmbiguouslyMapped_ds.7.fa.report,,,,,,
1763,113883,0.01988,genus,Mycobacterium,UnAmbiguouslyMapped_ds.7.fa.report,,,,,,
338,113785,0.01987,genus,Xanthomonas,UnAmbiguouslyMapped_ds.7.fa.report,,,,,,
2053,111239,0.01942,genus,Gordonia,UnAmbiguouslyMapped_ds.7.fa.report,,,,,,
2747,108668,0.01897,genus,Carnobacterium,UnAmbiguouslyMapped_ds.7.fa.report,,,,,,
44249,106454,0.01859,genus,Paenibacillus,UnAmbiguouslyMapped_ds.7.fa.report,,,,,,
1263,105709,0.01846,genus,Ruminococcus,UnAmbiguouslyMapped_ds.7.fa.report,,,,,,
836,104664,0.01827,genus,Porphyromonas,UnAmbiguouslyMapped_ds.7.fa.report,,,,,,
482,103102,0.018,genus,Neisseria,UnAmbiguouslyMapped_ds.7.fa.report,,,,,,
209,101246,0.01768,genus,Helicobacter,UnAmbiguouslyMapped_ds.7.fa.report,,,,,,
517,101186,0.01767,genus,Bordetella,UnAmbiguouslyMapped_ds.7.fa.report,,,,,,
1350,100000,0.01746,genus,Enterococcus,UnAmbiguouslyMapped_ds.7.fa.report,,,,,,
586,100000,0.01746,genus,Providencia,UnAmbiguouslyMapped_ds.7.fa.report,,,,,,
35823,100000,0.01746,genus,Arthrospira,UnAmbiguouslyMapped_ds.7.fa.report,,,,,,
407,85790,0.01498,genus,Methylobacterium,UnAmbiguouslyMapped_ds.7.fa.report,,,,,,
551,84398,0.01474,genus,Erwinia,UnAmbiguouslyMapped_ds.7.fa.report,,,,,,
43988,75435,0.01317,genus,Cyanothece,UnAmbiguouslyMapped_ds.7.fa.report,,,,,,
22,69392,0.01212,genus,Shewanella,UnAmbiguouslyMapped_ds.7.fa.report,,,,,,
52972,68516,0.01196,genus,Polaromonas,UnAmbiguouslyMapped_ds.7.fa.report,,,,,,
64895,67777,0.01183,genus,Borreliella,UnAmbiguouslyMapped_ds.7.fa.report,,,,,,
32008,65586,0.01145,genus,Burkholderia,UnAmbiguouslyMapped_ds.7.fa.report,,,,,,
1298,57699,0.01007,genus,Deinococcus,UnAmbiguouslyMapped_ds.7.fa.report,,,,,,
1129,55679,0.00972,genus,Synechococcus,UnAmbiguouslyMapped_ds.7.fa.report,,,,,,
657,53658,0.00937,genus,Photobacterium,UnAmbiguouslyMapped_ds.7.fa.report,,,,,,
357,53042,0.00926,genus,Agrobacterium,UnAmbiguouslyMapped_ds.7.fa.report,,,,,,
138,50587,0.00883,genus,Borrelia,UnAmbiguouslyMapped_ds.7.fa.report,,,,,,
2093,43615,0.00761,genus,Mycoplasma,UnAmbiguouslyMapped_ds.7.fa.report,,,,,,
332246,41519,0.00725,genus,Halalkalicoccus,UnAmbiguouslyMapped_ds.7.fa.report,,,,,,
522,37663,0.00658,genus,Acidiphilium,UnAmbiguouslyMapped_ds.7.fa.report,,,,,,
69965,37445,0.00654,genus,Macrococcus,UnAmbiguouslyMapped_ds.7.fa.report,,,,,,
1177,36234,0.00633,genus,Nostoc,UnAmbiguouslyMapped_ds.7.fa.report,,,,,,
872,34928,0.0061,genus,Desulfovibrio,UnAmbiguouslyMapped_ds.7.fa.report,,,,,,
2035811,34928,0.0061,genus,Pseudodesulfovibrio,UnAmbiguouslyMapped_ds.7.fa.report,,,,,,
105,34421,0.00601,genus,Runella,UnAmbiguouslyMapped_ds.7.fa.report,,,,,,
191,32888,0.00574,genus,Azospirillum,UnAmbiguouslyMapped_ds.7.fa.report,,,,,,
1883,32256,0.00563,genus,Streptomyces,UnAmbiguouslyMapped_ds.7.fa.report,,,,,,
810,31715,0.00554,genus,Chlamydia,UnAmbiguouslyMapped_ds.7.fa.report,,,,,,
119977,29772,0.0052,genus,Acidithiobacillus,UnAmbiguouslyMapped_ds.7.fa.report,,,,,,
1485,29386,0.00513,genus,Clostridium,UnAmbiguouslyMapped_ds.7.fa.report,,,,,,
434,29269,0.00511,genus,Acetobacter,UnAmbiguouslyMapped_ds.7.fa.report,,,,,,
32207,29143,0.00509,genus,Rothia,UnAmbiguouslyMapped_ds.7.fa.report,,,,,,
97050,28310,0.00494,genus,Ruegeria,UnAmbiguouslyMapped_ds.7.fa.report,,,,,,
2260,28280,0.00494,genus,Pyrococcus,UnAmbiguouslyMapped_ds.7.fa.report,,,,,,
157,26975,0.00471,genus,Treponema,UnAmbiguouslyMapped_ds.7.fa.report,,,,,,
2237,26487,0.00462,genus,Haloarcula,UnAmbiguouslyMapped_ds.7.fa.report,,,,,,
511434,26176,0.00457,genus,Candidatus Azobacteroides,UnAmbiguouslyMapped_ds.7.fa.report,,,,,,
1434011,25389,0.00443,genus,Komagataeibacter,UnAmbiguouslyMapped_ds.7.fa.report,,,,,,
1386,24890,0.00435,genus,Bacillus,UnAmbiguouslyMapped_ds.7.fa.report,,,,,,
76890,23716,0.00414,genus,Asticcacaulis,UnAmbiguouslyMapped_ds.7.fa.report,,,,,,
29330,23708,0.00414,genus,Alicyclobacillus,UnAmbiguouslyMapped_ds.7.fa.report,,,,,,
194,23624,0.00412,genus,Campylobacter,UnAmbiguouslyMapped_ds.7.fa.report,,,,,,
387342,22989,0.00401,genus,Halopiger,UnAmbiguouslyMapped_ds.7.fa.report,,,,,,
911,22945,0.00401,genus,Nitrobacter,UnAmbiguouslyMapped_ds.7.fa.report,,,,,,
449972,22865,0.00399,genus,Chelativorans,UnAmbiguouslyMapped_ds.7.fa.report,,,,,,
84565,22742,0.00397,genus,Sodalis,UnAmbiguouslyMapped_ds.7.fa.report,,,,,,
1301,22457,0.00392,genus,Streptococcus,UnAmbiguouslyMapped_ds.7.fa.report,,,,,,
1227,21261,0.00371,genus,Nitrosococcus,UnAmbiguouslyMapped_ds.7.fa.report,,,,,,
2263,21202,0.0037,genus,Thermococcus,UnAmbiguouslyMapped_ds.7.fa.report,,,,,,
1730,20877,0.00364,genus,Eubacterium,UnAmbiguouslyMapped_ds.7.fa.report,,,,,,
165696,20513,0.00358,genus,Novosphingobium,UnAmbiguouslyMapped_ds.7.fa.report,,,,,,
270,20510,0.00358,genus,Thermus,UnAmbiguouslyMapped_ds.7.fa.report,,,,,,
830,20462,0.00357,genus,Butyrivibrio,UnAmbiguouslyMapped_ds.7.fa.report,,,,,,
780,20365,0.00356,genus,Rickettsia,UnAmbiguouslyMapped_ds.7.fa.report,,,,,,
1663,20245,0.00353,genus,Arthrobacter,UnAmbiguouslyMapped_ds.7.fa.report,,,,,,
629,19906,0.00348,genus,Yersinia,UnAmbiguouslyMapped_ds.7.fa.report,,,,,,
81682,19855,0.00347,genus,Methylovorus,UnAmbiguouslyMapped_ds.7.fa.report,,,,,,
48736,19380,0.00338,genus,Ralstonia,UnAmbiguouslyMapped_ds.7.fa.report,,,,,,
106589,18113,0.00316,genus,Cupriavidus,UnAmbiguouslyMapped_ds.7.fa.report,,,,,,
33986,17998,0.00314,genus,Exiguobacterium,UnAmbiguouslyMapped_ds.7.fa.report,,,,,,
532,17773,0.0031,genus,Beijerinckia,UnAmbiguouslyMapped_ds.7.fa.report,,,,,,
1822464,17731,0.0031,genus,Paraburkholderia,UnAmbiguouslyMapped_ds.7.fa.report,,,,,,
53945,17682,0.00309,genus,Octadecabacter,UnAmbiguouslyMapped_ds.7.fa.report,,,,,,
28253,17358,0.00303,genus,Marinomonas,UnAmbiguouslyMapped_ds.7.fa.report,,,,,,
2233,17242,0.00301,genus,Archaeoglobus,UnAmbiguouslyMapped_ds.7.fa.report,,,,,,
146,17094,0.00298,genus,Spirochaeta,UnAmbiguouslyMapped_ds.7.fa.report,,,,,,
1911556,17094,0.00298,genus,Sediminispirochaeta,UnAmbiguouslyMapped_ds.7.fa.report,,,,,,
63742,17090,0.00298,genus,Natrialba,UnAmbiguouslyMapped_ds.7.fa.report,,,,,,
41707,16928,0.00296,genus,Lawsonia,UnAmbiguouslyMapped_ds.7.fa.report,,,,,,
129337,16774,0.00293,genus,Geobacillus,UnAmbiguouslyMapped_ds.7.fa.report,,,,,,
2239,15382,0.00269,genus,Halobacterium,UnAmbiguouslyMapped_ds.7.fa.report,,,,,,
28231,15264,0.00266,genus,Geobacter,UnAmbiguouslyMapped_ds.7.fa.report,,,,,,
1637,14427,0.00252,genus,Listeria,UnAmbiguouslyMapped_ds.7.fa.report,,,,,,
1742993,14349,0.00251,genus,Pseudarthrobacter,UnAmbiguouslyMapped_ds.7.fa.report,,,,,,
196118,14320,0.0025,genus,Methanocaldococcus,UnAmbiguouslyMapped_ds.7.fa.report,,,,,,
551759,14114,0.00246,genus,Aromatoleum,UnAmbiguouslyMapped_ds.7.fa.report,,,,,,
302485,13843,0.00242,genus,Phaeobacter,UnAmbiguouslyMapped_ds.7.fa.report,,,,,,
171,13630,0.00238,genus,Leptospira,UnAmbiguouslyMapped_ds.7.fa.report,,,,,,
1578,13322,0.00233,genus,Lactobacillus,UnAmbiguouslyMapped_ds.7.fa.report,,,,,,
773,13067,0.00228,genus,Bartonella,UnAmbiguouslyMapped_ds.7.fa.report,,,,,,
265,12896,0.00225,genus,Paracoccus,UnAmbiguouslyMapped_ds.7.fa.report,,,,,,
88723,12835,0.00224,genus,Natrinema,UnAmbiguouslyMapped_ds.7.fa.report,,,,,,
89404,12514,0.00218,genus,Glaciecola,UnAmbiguouslyMapped_ds.7.fa.report,,,,,,
1742992,12398,0.00216,genus,Paenarthrobacter,UnAmbiguouslyMapped_ds.7.fa.report,,,,,,
32068,12044,0.0021,genus,Sebaldella,UnAmbiguouslyMapped_ds.7.fa.report,,,,,,
499,11899,0.00208,genus,Thermomicrobium,UnAmbiguouslyMapped_ds.7.fa.report,,,,,,
305976,11870,0.00207,genus,Pusillimonas,UnAmbiguouslyMapped_ds.7.fa.report,,,,,,
1082930,11861,0.00207,genus,Pelagibacterium,UnAmbiguouslyMapped_ds.7.fa.report,,,,,,
42837,11851,0.00207,genus,Ammonifex,UnAmbiguouslyMapped_ds.7.fa.report,,,,,,
1184396,11793,0.00206,genus,Mesotoga,UnAmbiguouslyMapped_ds.7.fa.report,,,,,,
2723,11736,0.00205,genus,Hirschia,UnAmbiguouslyMapped_ds.7.fa.report,,,,,,
1099,11703,0.00204,genus,Pelodictyon,UnAmbiguouslyMapped_ds.7.fa.report,,,,,,
399320,11649,0.00203,genus,Sphaerochaeta,UnAmbiguouslyMapped_ds.7.fa.report,,,,,,
1091,11648,0.00203,genus,Chlorobium,UnAmbiguouslyMapped_ds.7.fa.report,,,,,,
914,11648,0.00203,genus,Nitrosomonas,UnAmbiguouslyMapped_ds.7.fa.report,,,,,,
41980,11602,0.00203,genus,Metallosphaera,UnAmbiguouslyMapped_ds.7.fa.report,,,,,,
2222,11561,0.00202,genus,Methanosaeta,UnAmbiguouslyMapped_ds.7.fa.report,,,,,,
1081,11546,0.00202,genus,Rhodospirillum,UnAmbiguouslyMapped_ds.7.fa.report,,,,,,
45662,11476,0.002,genus,Desulfohalobium,UnAmbiguouslyMapped_ds.7.fa.report,,,,,,
29548,11420,0.00199,genus,Rhodothermus,UnAmbiguouslyMapped_ds.7.fa.report,,,,,,
364316,11363,0.00198,genus,Verminephrobacter,UnAmbiguouslyMapped_ds.7.fa.report,,,,,,
2295,11355,0.00198,genus,Desulfobacterium,UnAmbiguouslyMapped_ds.7.fa.report,,,,,,
67572,11166,0.00195,genus,Psychromonas,UnAmbiguouslyMapped_ds.7.fa.report,,,,,,
2060,11158,0.00195,genus,Tsukamurella,UnAmbiguouslyMapped_ds.7.fa.report,,,,,,
208447,11148,0.00195,genus,Oceanithermus,UnAmbiguouslyMapped_ds.7.fa.report,,,,,,
413496,11143,0.00195,genus,Cronobacter,UnAmbiguouslyMapped_ds.7.fa.report,,,,,,
568987,10997,0.00192,genus,Candidatus Hamiltonella,UnAmbiguouslyMapped_ds.7.fa.report,,,,,,
71666,10960,0.00191,genus,Waddlia,UnAmbiguouslyMapped_ds.7.fa.report,,,,,,
458032,10959,0.00191,genus,Chloracidobacterium,UnAmbiguouslyMapped_ds.7.fa.report,,,,,,
1652133,10905,0.0019,genus,Halobacteriovorax,UnAmbiguouslyMapped_ds.7.fa.report,,,,,,
2279,10563,0.00184,genus,Staphylothermus,UnAmbiguouslyMapped_ds.7.fa.report,,,,,,
547,10511,0.00184,genus,Enterobacter,UnAmbiguouslyMapped_ds.7.fa.report,,,,,,
84593,10453,0.00183,genus,Verrucosispora,UnAmbiguouslyMapped_ds.7.fa.report,,,,,,
2422,10339,0.00181,genus,Fervidobacterium,UnAmbiguouslyMapped_ds.7.fa.report,,,,,,
1839,10317,0.0018,genus,Nocardioides,UnAmbiguouslyMapped_ds.7.fa.report,,,,,,
214906,10291,0.0018,genus,Histophilus,UnAmbiguouslyMapped_ds.7.fa.report,,,,,,
114627,10219,0.00178,genus,Alkaliphilus,UnAmbiguouslyMapped_ds.7.fa.report,,,,,,
613,9983,0.00174,genus,Serratia,UnAmbiguouslyMapped_ds.7.fa.report,,,,,,
2321,9882,0.00173,genus,Methanohalobium,UnAmbiguouslyMapped_ds.7.fa.report,,,,,,
39773,9696,0.00169,genus,Methylomicrobium,UnAmbiguouslyMapped_ds.7.fa.report,,,,,,
32012,9608,0.00168,genus,Thiomonas,UnAmbiguouslyMapped_ds.7.fa.report,,,,,,
165697,9417,0.00164,genus,Sphingopyxis,UnAmbiguouslyMapped_ds.7.fa.report,,,,,,
286,9389,0.00164,genus,Pseudomonas,UnAmbiguouslyMapped_ds.7.fa.report,,,,,,
445,9258,0.00162,genus,Legionella,UnAmbiguouslyMapped_ds.7.fa.report,,,,,,
1279,9257,0.00162,genus,Staphylococcus,UnAmbiguouslyMapped_ds.7.fa.report,,,,,,
83618,9044,0.00158,genus,Pseudoxanthomonas,UnAmbiguouslyMapped_ds.7.fa.report,,,,,,
401618,9041,0.00158,genus,Candidatus Riesia,UnAmbiguouslyMapped_ds.7.fa.report,,,,,,
1707,9000,0.00157,genus,Cellulomonas,UnAmbiguouslyMapped_ds.7.fa.report,,,,,,
182899,8711,0.00152,genus,Persephonella,UnAmbiguouslyMapped_ds.7.fa.report,,,,,,
150022,8704,0.00152,genus,Finegoldia,UnAmbiguouslyMapped_ds.7.fa.report,,,,,,
29521,8665,0.00151,genus,Brachyspira,UnAmbiguouslyMapped_ds.7.fa.report,,,,,,
155493,8660,0.00151,genus,Gallibacterium,UnAmbiguouslyMapped_ds.7.fa.report,,,,,,
2184,8622,0.00151,genus,Methanococcus,UnAmbiguouslyMapped_ds.7.fa.report,,,,,,
28196,7963,0.00139,genus,Arcobacter,UnAmbiguouslyMapped_ds.7.fa.report,,,,,,
2420,7800,0.00136,genus,Thermosipho,UnAmbiguouslyMapped_ds.7.fa.report,,,,,,
2273,7799,0.00136,genus,Desulfurococcus,UnAmbiguouslyMapped_ds.7.fa.report,,,,,,
68287,7794,0.00136,genus,Mesorhizobium,UnAmbiguouslyMapped_ds.7.fa.report,,,,,,
262,7359,0.00128,genus,Francisella,UnAmbiguouslyMapped_ds.7.fa.report,,,,,,
155862,7305,0.00128,genus,Methanothermococcus,UnAmbiguouslyMapped_ds.7.fa.report,,,,,,
943,7295,0.00127,genus,Ehrlichia,UnAmbiguouslyMapped_ds.7.fa.report,,,,,,
160798,6834,0.00119,genus,Marinitoga,UnAmbiguouslyMapped_ds.7.fa.report,,,,,,
165695,6771,0.00118,genus,Sphingobium,UnAmbiguouslyMapped_ds.7.fa.report,,,,,,
53572,6436,0.00112,genus,Deferribacter,UnAmbiguouslyMapped_ds.7.fa.report,,,,,,
904,6283,0.0011,genus,Acidaminococcus,UnAmbiguouslyMapped_ds.7.fa.report,,,,,,
1107,5981,0.00104,genus,Chloroflexus,UnAmbiguouslyMapped_ds.7.fa.report,,,,,,
392733,5966,0.00104,genus,Terriglobus,UnAmbiguouslyMapped_ds.7.fa.report,,,,,,
54258,5955,0.00104,genus,Ignicoccus,UnAmbiguouslyMapped_ds.7.fa.report,,,,,,
213485,5953,0.00104,genus,Micavibrio,UnAmbiguouslyMapped_ds.7.fa.report,,,,,,
1234,5940,0.00104,genus,Nitrospira,UnAmbiguouslyMapped_ds.7.fa.report,,,,,,
105850,5939,0.00104,genus,Acidilobus,UnAmbiguouslyMapped_ds.7.fa.report,,,,,,
475087,5936,0.00104,genus,Methanosphaerula,UnAmbiguouslyMapped_ds.7.fa.report,,,,,,
43673,5933,0.00104,genus,Jonesia,UnAmbiguouslyMapped_ds.7.fa.report,,,,,,
18,5933,0.00104,genus,Pelobacter,UnAmbiguouslyMapped_ds.7.fa.report,,,,,,
60892,5928,0.00103,genus,Desulfobacca,UnAmbiguouslyMapped_ds.7.fa.report,,,,,,
498845,5927,0.00103,genus,Candidatus Korarchaeum,UnAmbiguouslyMapped_ds.7.fa.report,,,,,,
129001,5926,0.00103,genus,Syntrophothermus,UnAmbiguouslyMapped_ds.7.fa.report,,,,,,
471826,5922,0.00103,genus,Candidatus Desulforudis,UnAmbiguouslyMapped_ds.7.fa.report,,,,,,
2270,5921,0.00103,genus,Thermoproteus,UnAmbiguouslyMapped_ds.7.fa.report,,,,,,
416,5915,0.00103,genus,Methylomonas,UnAmbiguouslyMapped_ds.7.fa.report,,,,,,
33973,5912,0.00103,genus,Acidobacterium,UnAmbiguouslyMapped_ds.7.fa.report,,,,,,
162171,5912,0.00103,genus,Magnetococcus,UnAmbiguouslyMapped_ds.7.fa.report,,,,,,
29526,5911,0.00103,genus,Syntrophobacter,UnAmbiguouslyMapped_ds.7.fa.report,,,,,,
43773,5906,0.00103,genus,Syntrophus,UnAmbiguouslyMapped_ds.7.fa.report,,,,,,
316625,5903,0.00103,genus,Saccharophagus,UnAmbiguouslyMapped_ds.7.fa.report,,,,,,
239934,5902,0.00103,genus,Akkermansia,UnAmbiguouslyMapped_ds.7.fa.report,,,,,,
2276,5896,0.00103,genus,Pyrobaculum,UnAmbiguouslyMapped_ds.7.fa.report,,,,,,
84108,5891,0.00103,genus,Slackia,UnAmbiguouslyMapped_ds.7.fa.report,,,,,,
208215,5878,0.00103,genus,Parvularcula,UnAmbiguouslyMapped_ds.7.fa.report,,,,,,
28048,5875,0.00103,genus,Acidothermus,UnAmbiguouslyMapped_ds.7.fa.report,,,,,,
10,5868,0.00102,genus,Cellvibrio,UnAmbiguouslyMapped_ds.7.fa.report,,,,,,
893,5851,0.00102,genus,Desulfobulbus,UnAmbiguouslyMapped_ds.7.fa.report,,,,,,
256319,5849,0.00102,genus,Chlorobaculum,UnAmbiguouslyMapped_ds.7.fa.report,,,,,,
869,5848,0.00102,genus,Dichelobacter,UnAmbiguouslyMapped_ds.7.fa.report,,,,,,
100715,5848,0.00102,genus,Chloroherpeton,UnAmbiguouslyMapped_ds.7.fa.report,,,,,,
843,5848,0.00102,genus,Wolinella,UnAmbiguouslyMapped_ds.7.fa.report,,,,,,
28263,5847,0.00102,genus,Arcanobacterium,UnAmbiguouslyMapped_ds.7.fa.report,,,,,,
269260,5844,0.00102,genus,Nitratifractor,UnAmbiguouslyMapped_ds.7.fa.report,,,,,,
332248,5841,0.00102,genus,Truepera,UnAmbiguouslyMapped_ds.7.fa.report,,,,,,
29580,5835,0.00102,genus,Janthinobacterium,UnAmbiguouslyMapped_ds.7.fa.report,,,,,,
146825,5830,0.00102,genus,Halorhabdus,UnAmbiguouslyMapped_ds.7.fa.report,,,,,,
81461,5827,0.00102,genus,Thermanaerovibrio,UnAmbiguouslyMapped_ds.7.fa.report,,,,,,
44013,5821,0.00102,genus,Polynucleobacter,UnAmbiguouslyMapped_ds.7.fa.report,,,,,,
291988,5821,0.00102,genus,Thermosediminibacter,UnAmbiguouslyMapped_ds.7.fa.report,,,,,,
120652,5821,0.00102,genus,Methylocella,UnAmbiguouslyMapped_ds.7.fa.report,,,,,,
1716,5816,0.00102,genus,Corynebacterium,UnAmbiguouslyMapped_ds.7.fa.report,,,,,,
286801,5813,0.00101,genus,Segniliparus,UnAmbiguouslyMapped_ds.7.fa.report,,,,,,
359407,5794,0.00101,genus,Methylotenera,UnAmbiguouslyMapped_ds.7.fa.report,,,,,,
2192,5786,0.00101,genus,Methanocorpusculum,UnAmbiguouslyMapped_ds.7.fa.report,,,,,,
252965,5785,0.00101,genus,Mahella,UnAmbiguouslyMapped_ds.7.fa.report,,,,,,
541,5785,0.00101,genus,Zymomonas,UnAmbiguouslyMapped_ds.7.fa.report,,,,,,
112040,5782,0.00101,genus,Zobellia,UnAmbiguouslyMapped_ds.7.fa.report,,,,,,
1048757,5780,0.00101,genus,Candidatus Moranella,UnAmbiguouslyMapped_ds.7.fa.report,,,,,,
68335,5773,0.00101,genus,Coprothermobacter,UnAmbiguouslyMapped_ds.7.fa.report,,,,,,
670486,5770,0.00101,genus,Dehalogenimonas,UnAmbiguouslyMapped_ds.7.fa.report,,,,,,
186191,5768,0.00101,genus,Marinithermus,UnAmbiguouslyMapped_ds.7.fa.report,,,,,,
29404,5762,0.00101,genus,Microlunatus,UnAmbiguouslyMapped_ds.7.fa.report,,,,,,
61434,5760,0.00101,genus,Dehalococcoides,UnAmbiguouslyMapped_ds.7.fa.report,,,,,,
862,5759,0.00101,genus,Syntrophomonas,UnAmbiguouslyMapped_ds.7.fa.report,,,,,,
81466,5750,0.001,genus,Aminobacterium,UnAmbiguouslyMapped_ds.7.fa.report,,,,,,
651456,5736,0.001,genus,Kosmotoga,UnAmbiguouslyMapped_ds.7.fa.report,,,,,,
261963,5730,0.001,genus,Kangiella,UnAmbiguouslyMapped_ds.7.fa.report,,,,,,
36853,5727,0.001,genus,Desulfitobacterium,UnAmbiguouslyMapped_ds.7.fa.report,,,,,,
164450,5718,0.001,genus,Vulcanisaeta,UnAmbiguouslyMapped_ds.7.fa.report,,,,,,
83677,5701,0.001,genus,Thermobifida,UnAmbiguouslyMapped_ds.7.fa.report,,,,,,
44000,5689,0.00099,genus,Caldicellulosiruptor,UnAmbiguouslyMapped_ds.7.fa.report,,,,,,
51196,5684,0.00099,genus,Syntrophobotulus,UnAmbiguouslyMapped_ds.7.fa.report,,,,,,
117999,5683,0.00099,genus,Denitrovibrio,UnAmbiguouslyMapped_ds.7.fa.report,,,,,,
1851,5668,0.00099,genus,Saccharomonospora,UnAmbiguouslyMapped_ds.7.fa.report,,,,,,
111500,5661,0.00099,genus,Muricauda,UnAmbiguouslyMapped_ds.7.fa.report,,,,,,
43947,5647,0.00099,genus,Tolumonas,UnAmbiguouslyMapped_ds.7.fa.report,,,,,,
1643951,5625,0.00098,genus,Pseudothermotoga,UnAmbiguouslyMapped_ds.7.fa.report,,,,,,
202907,5620,0.00098,genus,Collimonas,UnAmbiguouslyMapped_ds.7.fa.report,,,,,,
168470,5605,0.00098,genus,Laribacter,UnAmbiguouslyMapped_ds.7.fa.report,,,,,,
146785,5600,0.00098,genus,Thermosynechococcus,UnAmbiguouslyMapped_ds.7.fa.report,,,,,,
241192,5598,0.00098,genus,Thermodesulfatator,UnAmbiguouslyMapped_ds.7.fa.report,,,,,,
1637257,5597,0.00098,genus,Mageeibacillus,UnAmbiguouslyMapped_ds.7.fa.report,,,,,,
53335,5582,0.00097,genus,Pantoea,UnAmbiguouslyMapped_ds.7.fa.report,,,,,,
110932,5577,0.00097,genus,Leifsonia,UnAmbiguouslyMapped_ds.7.fa.report,,,,,,
2175,5576,0.00097,genus,Methanohalophilus,UnAmbiguouslyMapped_ds.7.fa.report,,,,,,
816,5574,0.00097,genus,Bacteroides,UnAmbiguouslyMapped_ds.7.fa.report,,,,,,
1380,5532,0.00097,genus,Atopobium,UnAmbiguouslyMapped_ds.7.fa.report,,,,,,
475,5527,0.00096,genus,Moraxella,UnAmbiguouslyMapped_ds.7.fa.report,,,,,,
133193,5505,0.00096,genus,Alkalilimnicola,UnAmbiguouslyMapped_ds.7.fa.report,,,,,,
40136,5488,0.00096,genus,Oligotropha,UnAmbiguouslyMapped_ds.7.fa.report,,,,,,
745,5486,0.00096,genus,Pasteurella,UnAmbiguouslyMapped_ds.7.fa.report,,,,,,
2225,5482,0.00096,genus,Methanococcoides,UnAmbiguouslyMapped_ds.7.fa.report,,,,,,
1743,5477,0.00096,genus,Propionibacterium,UnAmbiguouslyMapped_ds.7.fa.report,,,,,,
1912216,5477,0.00096,genus,Cutibacterium,UnAmbiguouslyMapped_ds.7.fa.report,,,,,,
929509,5465,0.00095,genus,Solitalea,UnAmbiguouslyMapped_ds.7.fa.report,,,,,,
33993,5454,0.00095,genus,Neorickettsia,UnAmbiguouslyMapped_ds.7.fa.report,,,,,,
46254,5454,0.00095,genus,Oenococcus,UnAmbiguouslyMapped_ds.7.fa.report,,,,,,
906,5398,0.00094,genus,Megasphaera,UnAmbiguouslyMapped_ds.7.fa.report,,,,,,
2284,5393,0.00094,genus,Sulfolobus,UnAmbiguouslyMapped_ds.7.fa.report,,,,,,
411566,5382,0.00094,genus,Candidatus Midichloria,UnAmbiguouslyMapped_ds.7.fa.report,,,,,,
29574,5377,0.00094,genus,Taylorella,UnAmbiguouslyMapped_ds.7.fa.report,,,,,,
6,5364,0.00094,genus,Azorhizobium,UnAmbiguouslyMapped_ds.7.fa.report,,,,,,
122277,5364,0.00094,genus,Pectobacterium,UnAmbiguouslyMapped_ds.7.fa.report,,,,,,
33057,5359,0.00094,genus,Thauera,UnAmbiguouslyMapped_ds.7.fa.report,,,,,,
162027,5356,0.00094,genus,Haliangium,UnAmbiguouslyMapped_ds.7.fa.report,,,,,,
252356,5335,0.00093,genus,Maribacter,UnAmbiguouslyMapped_ds.7.fa.report,,,,,,
230355,5331,0.00093,genus,Methanolacinia,UnAmbiguouslyMapped_ds.7.fa.report,,,,,,
41275,5326,0.00093,genus,Brevundimonas,UnAmbiguouslyMapped_ds.7.fa.report,,,,,,
626,5322,0.00093,genus,Xenorhabdus,UnAmbiguouslyMapped_ds.7.fa.report,,,,,,
379546,5280,0.00092,genus,Aciduliprofundum,UnAmbiguouslyMapped_ds.7.fa.report,,,,,,
499228,5276,0.00092,genus,Tepidanaerobacter,UnAmbiguouslyMapped_ds.7.fa.report,,,,,,
1827,5268,0.00092,genus,Rhodococcus,UnAmbiguouslyMapped_ds.7.fa.report,,,,,,
226,5247,0.00092,genus,Alteromonas,UnAmbiguouslyMapped_ds.7.fa.report,,,,,,
65551,5240,0.00091,genus,Meiothermus,UnAmbiguouslyMapped_ds.7.fa.report,,,,,,
1253,5240,0.00091,genus,Pediococcus,UnAmbiguouslyMapped_ds.7.fa.report,,,,,,
34019,5237,0.00091,genus,Candidatus Liberibacter,UnAmbiguouslyMapped_ds.7.fa.report,,,,,,
75,5196,0.00091,genus,Caulobacter,UnAmbiguouslyMapped_ds.7.fa.report,,,,,,
1506553,5179,0.0009,genus,Lachnoclostridium,UnAmbiguouslyMapped_ds.7.fa.report,,,,,,
79206,5147,0.0009,genus,Desulfosporosinus,UnAmbiguouslyMapped_ds.7.fa.report,,,,,,
53460,5138,0.0009,genus,Nakamurella,UnAmbiguouslyMapped_ds.7.fa.report,,,,,,
84404,5134,0.0009,genus,Hippea,UnAmbiguouslyMapped_ds.7.fa.report,,,,,,
281119,5131,0.0009,genus,Candidatus Amoebophilus,UnAmbiguouslyMapped_ds.7.fa.report,,,,,,
74968,5126,0.00089,genus,Ferroplasma,UnAmbiguouslyMapped_ds.7.fa.report,,,,,,
146937,5105,0.00089,genus,Azospira,UnAmbiguouslyMapped_ds.7.fa.report,,,,,,
29487,5087,0.00089,genus,Photorhabdus,UnAmbiguouslyMapped_ds.7.fa.report,,,,,,
12914,5061,0.00088,genus,Acidianus,UnAmbiguouslyMapped_ds.7.fa.report,,,,,,
32636,5058,0.00088,genus,Halothermothrix,UnAmbiguouslyMapped_ds.7.fa.report,,,,,,
590,5051,0.00088,genus,Salmonella,UnAmbiguouslyMapped_ds.7.fa.report,,,,,,
152053,5049,0.00088,genus,Starkeya,UnAmbiguouslyMapped_ds.7.fa.report,,,,,,
57499,5033,0.00088,genus,Kytococcus,UnAmbiguouslyMapped_ds.7.fa.report,,,,,,
326319,5031,0.00088,genus,Dokdonia,UnAmbiguouslyMapped_ds.7.fa.report,,,,,,
51668,4997,0.00087,genus,Tetragenococcus,UnAmbiguouslyMapped_ds.7.fa.report,,,,,,
182709,4994,0.00087,genus,Oceanobacillus,UnAmbiguouslyMapped_ds.7.fa.report,,,,,,
191291,4976,0.00087,genus,Nautilia,UnAmbiguouslyMapped_ds.7.fa.report,,,,,,
34084,4907,0.00086,genus,Riemerella,UnAmbiguouslyMapped_ds.7.fa.report,,,,,,
1508657,4866,0.00085,genus,Ruminiclostridium,UnAmbiguouslyMapped_ds.7.fa.report,,,,,,
1854,4861,0.00085,genus,Frankia,UnAmbiguouslyMapped_ds.7.fa.report,,,,,,
635,4842,0.00085,genus,Edwardsiella,UnAmbiguouslyMapped_ds.7.fa.report,,,,,,
191494,4838,0.00084,genus,Conexibacter,UnAmbiguouslyMapped_ds.7.fa.report,,,,,,
34098,4814,0.00084,genus,Blattabacterium,UnAmbiguouslyMapped_ds.7.fa.report,,,,,,
768,4795,0.00084,genus,Anaplasma,UnAmbiguouslyMapped_ds.7.fa.report,,,,,,
104264,4792,0.00084,genus,Cellulophaga,UnAmbiguouslyMapped_ds.7.fa.report,,,,,,
2160,4774,0.00083,genus,Methanobacterium,UnAmbiguouslyMapped_ds.7.fa.report,,,,,,
963,4761,0.00083,genus,Herbaspirillum,UnAmbiguouslyMapped_ds.7.fa.report,,,,,,
88,4721,0.00082,genus,Leptothrix,UnAmbiguouslyMapped_ds.7.fa.report,,,,,,
953,4712,0.00082,genus,Wolbachia,UnAmbiguouslyMapped_ds.7.fa.report,,,,,,
44259,4706,0.00082,genus,Filifactor,UnAmbiguouslyMapped_ds.7.fa.report,,,,,,
1205,4673,0.00082,genus,Trichodesmium,UnAmbiguouslyMapped_ds.7.fa.report,,,,,,
43668,4651,0.00081,genus,Brachybacterium,UnAmbiguouslyMapped_ds.7.fa.report,,,,,,
2147,4645,0.00081,genus,Acholeplasma,UnAmbiguouslyMapped_ds.7.fa.report,,,,,,
239759,4608,0.0008,genus,Alistipes,UnAmbiguouslyMapped_ds.7.fa.report,,,,,,
249529,4496,0.00078,genus,Caldanaerobacter,UnAmbiguouslyMapped_ds.7.fa.report,,,,,,
186831,4482,0.00078,genus,Acetoanaerobium,UnAmbiguouslyMapped_ds.7.fa.report,,,,,,
1357,4336,0.00076,genus,Lactococcus,UnAmbiguouslyMapped_ds.7.fa.report,,,,,,
69474,4270,0.00075,genus,Orientia,UnAmbiguouslyMapped_ds.7.fa.report,,,,,,
413,4259,0.00074,genus,Methylococcus,UnAmbiguouslyMapped_ds.7.fa.report,,,,,,
40566,4237,0.00074,genus,Actinosynnema,UnAmbiguouslyMapped_ds.7.fa.report,,,,,,
13,4192,0.00073,genus,Dictyoglomus,UnAmbiguouslyMapped_ds.7.fa.report,,,,,,
212790,4000,0.0007,genus,Sulfurihydrogenibium,UnAmbiguouslyMapped_ds.7.fa.report,,,,,,
34104,3974,0.00069,genus,Streptobacillus,UnAmbiguouslyMapped_ds.7.fa.report,,,,,,
12916,3935,0.00069,genus,Acidovorax,UnAmbiguouslyMapped_ds.7.fa.report,,,,,,
234,3931,0.00069,genus,Brucella,UnAmbiguouslyMapped_ds.7.fa.report,,,,,,
203804,3925,0.00069,genus,Candidatus Blochmannia,UnAmbiguouslyMapped_ds.7.fa.report,,,,,,
583,3800,0.00066,genus,Proteus,UnAmbiguouslyMapped_ds.7.fa.report,,,,,,
135575,3652,0.00064,genus,Idiomarina,UnAmbiguouslyMapped_ds.7.fa.report,,,,,,
561,3436,0.0006,genus,Escherichia,UnAmbiguouslyMapped_ds.7.fa.report,,,,,,
49082,3362,0.00059,genus,Candidatus Arthromitus,UnAmbiguouslyMapped_ds.7.fa.report,,,,,,
52959,3360,0.00059,genus,Polaribacter,UnAmbiguouslyMapped_ds.7.fa.report,,,,,,
283,3357,0.00059,genus,Comamonas,UnAmbiguouslyMapped_ds.7.fa.report,,,,,,
568394,3328,0.00058,genus,Pseudogulbenkiania,UnAmbiguouslyMapped_ds.7.fa.report,,,,,,
32199,3314,0.00058,genus,Buchnera,UnAmbiguouslyMapped_ds.7.fa.report,,,,,,
2063,3251,0.00057,genus,Kitasatospora,UnAmbiguouslyMapped_ds.7.fa.report,,,,,,
1754,3226,0.00056,genus,Thermoanaerobacter,UnAmbiguouslyMapped_ds.7.fa.report,,,,,,
129957,3092,0.00054,genus,Carboxydothermus,UnAmbiguouslyMapped_ds.7.fa.report,,,,,,
278993,3051,0.00053,genus,Thermincola,UnAmbiguouslyMapped_ds.7.fa.report,,,,,,
2316,2781,0.00049,genus,Methanosphaera,UnAmbiguouslyMapped_ds.7.fa.report,,,,,,
2129,2678,0.00047,genus,Ureaplasma,UnAmbiguouslyMapped_ds.7.fa.report,,,,,,
33926,2646,0.00046,genus,Candidatus Phytoplasma,UnAmbiguouslyMapped_ds.7.fa.report,,,,,,
642,2491,0.00043,genus,Aeromonas,UnAmbiguouslyMapped_ds.7.fa.report,,,,,,
32067,2482,0.00043,genus,Leptotrichia,UnAmbiguouslyMapped_ds.7.fa.report,,,,,,
40274,2354,0.00041,genus,Chlamydiamicrovirus,UnAmbiguouslyMapped_ds.7.fa.report,,,,,,
1269,2321,0.00041,genus,Micrococcus,UnAmbiguouslyMapped_ds.7.fa.report,,,,,,
620,2225,0.00039,genus,Shigella,UnAmbiguouslyMapped_ds.7.fa.report,,,,,,
161492,1964,0.00034,genus,Anaeromyxobacter,UnAmbiguouslyMapped_ds.7.fa.report,,,,,,
1873,1645,0.00029,genus,Micromonospora,UnAmbiguouslyMapped_ds.7.fa.report,,,,,,
80865,1491,0.00026,genus,Delftia,UnAmbiguouslyMapped_ds.7.fa.report,,,,,,
2335,1328,0.00023,genus,Thermotoga,UnAmbiguouslyMapped_ds.7.fa.report,,,,,,
106633,1231,0.00021,genus,Thioalkalivibrio,UnAmbiguouslyMapped_ds.7.fa.report,,,,,,
848,1211,0.00021,genus,Fusobacterium,UnAmbiguouslyMapped_ds.7.fa.report,,,,,,
168694,884,0.00015,genus,Salinispora,UnAmbiguouslyMapped_ds.7.fa.report,,,,,,
1218,8,0,genus,Prochlorococcus,UnAmbiguouslyMapped_ds.7.fa.report,,,,,,
1301,400000,0.66667,genus,Streptococcus,UnAmbiguouslyMapped_ds.buccal.fa.report,,,,,,
724,100000,0.16667,genus,Haemophilus,UnAmbiguouslyMapped_ds.buccal.fa.report,,,,,,
482,50000,0.08333,genus,Neisseria,UnAmbiguouslyMapped_ds.buccal.fa.report,,,,,,
29465,50000,0.08333,genus,Veillonella,UnAmbiguouslyMapped_ds.buccal.fa.report,,,,,,
286,75000,0.0625,genus,Pseudomonas,UnAmbiguouslyMapped_ds.cityparks.fa.report,,,,,,
816,50000,0.04167,genus,Bacteroides,UnAmbiguouslyMapped_ds.cityparks.fa.report,,,,,,
940557,50000,0.04167,genus,Granulicella,UnAmbiguouslyMapped_ds.cityparks.fa.report,,,,,,
209,25000,0.02083,genus,Helicobacter,UnAmbiguouslyMapped_ds.cityparks.fa.report,,,,,,
1573,25000,0.02083,genus,Clavibacter,UnAmbiguouslyMapped_ds.cityparks.fa.report,,,,,,
1763,25000,0.02083,genus,Mycobacterium,UnAmbiguouslyMapped_ds.cityparks.fa.report,,,,,,
1817,25000,0.02083,genus,Nocardia,UnAmbiguouslyMapped_ds.cityparks.fa.report,,,,,,
1827,25000,0.02083,genus,Rhodococcus,UnAmbiguouslyMapped_ds.cityparks.fa.report,,,,,,
1854,25000,0.02083,genus,Frankia,UnAmbiguouslyMapped_ds.cityparks.fa.report,,,,,,
1883,25000,0.02083,genus,Streptomyces,UnAmbiguouslyMapped_ds.cityparks.fa.report,,,,,,
2000,25000,0.02083,genus,Streptosporangium,UnAmbiguouslyMapped_ds.cityparks.fa.report,,,,,,
2349,25000,0.02083,genus,Haliscomenobacter,UnAmbiguouslyMapped_ds.cityparks.fa.report,,,,,,
226,25000,0.02083,genus,Alteromonas,UnAmbiguouslyMapped_ds.cityparks.fa.report,,,,,,
237,25000,0.02083,genus,Flavobacterium,UnAmbiguouslyMapped_ds.cityparks.fa.report,,,,,,
32008,25000,0.02083,genus,Burkholderia,UnAmbiguouslyMapped_ds.cityparks.fa.report,,,,,,
34072,25000,0.02083,genus,Variovorax,UnAmbiguouslyMapped_ds.cityparks.fa.report,,,,,,
39643,25000,0.02083,genus,Sorangium,UnAmbiguouslyMapped_ds.cityparks.fa.report,,,,,,
40323,25000,0.02083,genus,Stenotrophomonas,UnAmbiguouslyMapped_ds.cityparks.fa.report,,,,,,
68288,25000,0.02083,genus,Cyclobacterium,UnAmbiguouslyMapped_ds.cityparks.fa.report,,,,,,
84567,25000,0.02083,genus,Pedobacter,UnAmbiguouslyMapped_ds.cityparks.fa.report,,,,,,
379,25000,0.02083,genus,Rhizobium,UnAmbiguouslyMapped_ds.cityparks.fa.report,,,,,,
104264,25000,0.02083,genus,Cellulophaga,UnAmbiguouslyMapped_ds.cityparks.fa.report,,,,,,
561,25000,0.02083,genus,Escherichia,UnAmbiguouslyMapped_ds.cityparks.fa.report,,,,,,
120831,25000,0.02083,genus,Dyadobacter,UnAmbiguouslyMapped_ds.cityparks.fa.report,,,,,,
32,25000,0.02083,genus,Myxococcus,UnAmbiguouslyMapped_ds.cityparks.fa.report,,,,,,
146918,25000,0.02083,genus,Salinibacter,UnAmbiguouslyMapped_ds.cityparks.fa.report,,,,,,
590,25000,0.02083,genus,Salmonella,UnAmbiguouslyMapped_ds.cityparks.fa.report,,,,,,
768,25000,0.02083,genus,Anaplasma,UnAmbiguouslyMapped_ds.cityparks.fa.report,,,,,,
127,25000,0.02083,genus,Isosphaera,UnAmbiguouslyMapped_ds.cityparks.fa.report,,,,,,
265488,25000,0.02083,genus,Rhodopirellula,UnAmbiguouslyMapped_ds.cityparks.fa.report,,,,,,
332162,25000,0.02083,genus,Candidatus Solibacter,UnAmbiguouslyMapped_ds.cityparks.fa.report,,,,,,
375288,25000,0.02083,genus,Parabacteroides,UnAmbiguouslyMapped_ds.cityparks.fa.report,,,,,,
414878,25000,0.02083,genus,Catenulispora,UnAmbiguouslyMapped_ds.cityparks.fa.report,,,,,,
417127,25000,0.02083,genus,Zunongwangia,UnAmbiguouslyMapped_ds.cityparks.fa.report,,,,,,
466152,25000,0.02083,genus,Singulisphaera,UnAmbiguouslyMapped_ds.cityparks.fa.report,,,,,,
658061,25000,0.02083,genus,Candidatus Koribacter,UnAmbiguouslyMapped_ds.cityparks.fa.report,,,,,,
767891,25000,0.02083,genus,Candidatus Puniceispirillum,UnAmbiguouslyMapped_ds.cityparks.fa.report,,,,,,
838,25000,0.02083,genus,Prevotella,UnAmbiguouslyMapped_ds.cityparks.fa.report,,,,,,
75,25000,0.02083,genus,Caulobacter,UnAmbiguouslyMapped_ds.cityparks.fa.report,,,,,,
991903,25000,0.02083,genus,Polymorphum,UnAmbiguouslyMapped_ds.cityparks.fa.report,,,,,,
1649480,25000,0.02083,genus,Planctopirus,UnAmbiguouslyMapped_ds.cityparks.fa.report,,,,,,
1649482,25000,0.02083,genus,Pseudopedobacter,UnAmbiguouslyMapped_ds.cityparks.fa.report,,,,,,
1649490,25000,0.02083,genus,Rubinisphaera,UnAmbiguouslyMapped_ds.cityparks.fa.report,,,,,,
1073,25000,0.02083,genus,Rhodopseudomonas,UnAmbiguouslyMapped_ds.cityparks.fa.report,,,,,,
1301,75000,0.15,genus,Streptococcus,UnAmbiguouslyMapped_ds.gut.fa.report,,,,,,
1279,50000,0.1,genus,Staphylococcus,UnAmbiguouslyMapped_ds.gut.fa.report,,,,,,
1060,25000,0.05,genus,Rhodobacter,UnAmbiguouslyMapped_ds.gut.fa.report,,,,,,
286,25000,0.05,genus,Pseudomonas,UnAmbiguouslyMapped_ds.gut.fa.report,,,,,,
469,25000,0.05,genus,Acinetobacter,UnAmbiguouslyMapped_ds.gut.fa.report,,,,,,
1298,25000,0.05,genus,Deinococcus,UnAmbiguouslyMapped_ds.gut.fa.report,,,,,,
482,25000,0.05,genus,Neisseria,UnAmbiguouslyMapped_ds.gut.fa.report,,,,,,
1350,25000,0.05,genus,Enterococcus,UnAmbiguouslyMapped_ds.gut.fa.report,,,,,,
1386,25000,0.05,genus,Bacillus,UnAmbiguouslyMapped_ds.gut.fa.report,,,,,,
1485,25000,0.05,genus,Clostridium,UnAmbiguouslyMapped_ds.gut.fa.report,,,,,,
1578,25000,0.05,genus,Lactobacillus,UnAmbiguouslyMapped_ds.gut.fa.report,,,,,,
1637,25000,0.05,genus,Listeria,UnAmbiguouslyMapped_ds.gut.fa.report,,,,,,
1654,25000,0.05,genus,Actinomyces,UnAmbiguouslyMapped_ds.gut.fa.report,,,,,,
1912216,25000,0.05,genus,Cutibacterium,UnAmbiguouslyMapped_ds.gut.fa.report,,,,,,
561,25000,0.05,genus,Escherichia,UnAmbiguouslyMapped_ds.gut.fa.report,,,,,,
209,25000,0.05,genus,Helicobacter,UnAmbiguouslyMapped_ds.gut.fa.report,,,,,,
816,25000,0.05,genus,Bacteroides,UnAmbiguouslyMapped_ds.gut.fa.report,,,,,,
1578,300000,0.4,genus,Lactobacillus,UnAmbiguouslyMapped_ds.hous1.fa.report,,,,,,
286,200000,0.26667,genus,Pseudomonas,UnAmbiguouslyMapped_ds.hous1.fa.report,,,,,,
1060,50000,0.06667,genus,Rhodobacter,UnAmbiguouslyMapped_ds.hous1.fa.report,,,,,,
2433,25000,0.03333,genus,Roseobacter,UnAmbiguouslyMapped_ds.hous1.fa.report,,,,,,
53945,25000,0.03333,genus,Octadecabacter,UnAmbiguouslyMapped_ds.hous1.fa.report,,,,,,
74317,25000,0.03333,genus,Maricaulis,UnAmbiguouslyMapped_ds.hous1.fa.report,,,,,,
352,25000,0.03333,genus,Azotobacter,UnAmbiguouslyMapped_ds.hous1.fa.report,,,,,,
188905,25000,0.03333,genus,Jannaschia,UnAmbiguouslyMapped_ds.hous1.fa.report,,,,,,
258255,25000,0.03333,genus,Pseudovibrio,UnAmbiguouslyMapped_ds.hous1.fa.report,,,,,,
302485,25000,0.03333,genus,Phaeobacter,UnAmbiguouslyMapped_ds.hous1.fa.report,,,,,,
309512,25000,0.03333,genus,Dinoroseobacter,UnAmbiguouslyMapped_ds.hous1.fa.report,,,,,,
1716,275000,0.55,genus,Corynebacterium,UnAmbiguouslyMapped_ds.hous2.fa.report,,,,,,
1301,100000,0.2,genus,Streptococcus,UnAmbiguouslyMapped_ds.hous2.fa.report,,,,,,
469,50000,0.1,genus,Acinetobacter,UnAmbiguouslyMapped_ds.hous2.fa.report,,,,,,
1279,50000,0.1,genus,Staphylococcus,UnAmbiguouslyMapped_ds.hous2.fa.report,,,,,,
1912216,25000,0.05,genus,Cutibacterium,UnAmbiguouslyMapped_ds.hous2.fa.report,,,,,,
286,100000,0.2,genus,Pseudomonas,UnAmbiguouslyMapped_ds.nycsm.fa.report,,,,,,
547,75000,0.15,genus,Enterobacter,UnAmbiguouslyMapped_ds.nycsm.fa.report,,,,,,
570,75000,0.15,genus,Klebsiella,UnAmbiguouslyMapped_ds.nycsm.fa.report,,,,,,
22,50000,0.1,genus,Shewanella,UnAmbiguouslyMapped_ds.nycsm.fa.report,,,,,,
1350,50000,0.1,genus,Enterococcus,UnAmbiguouslyMapped_ds.nycsm.fa.report,,,,,,
1386,50000,0.1,genus,Bacillus,UnAmbiguouslyMapped_ds.nycsm.fa.report,,,,,,
1301,25000,0.05,genus,Streptococcus,UnAmbiguouslyMapped_ds.nycsm.fa.report,,,,,,
497,25000,0.05,genus,Psychrobacter,UnAmbiguouslyMapped_ds.nycsm.fa.report,,,,,,
40323,25000,0.05,genus,Stenotrophomonas,UnAmbiguouslyMapped_ds.nycsm.fa.report,,,,,,
53246,25000,0.05,genus,Pseudoalteromonas,UnAmbiguouslyMapped_ds.nycsm.fa.report,,,,,,
561,25000,0.05,genus,Escherichia,UnAmbiguouslyMapped_ds.nycsm.fa.report,,,,,,
629,25000,0.05,genus,Yersinia,UnAmbiguouslyMapped_ds.nycsm.fa.report,,,,,,
1279,25000,0.05,genus,Staphylococcus,UnAmbiguouslyMapped_ds.nycsm.fa.report,,,,,,
286,150000,0.06,genus,Pseudomonas,UnAmbiguouslyMapped_ds.soil.fa.report,,,,,,
816,100000,0.04,genus,Bacteroides,UnAmbiguouslyMapped_ds.soil.fa.report,,,,,,
940557,100000,0.04,genus,Granulicella,UnAmbiguouslyMapped_ds.soil.fa.report,,,,,,
1883,100000,0.04,genus,Streptomyces,UnAmbiguouslyMapped_ds.soil.fa.report,,,,,,
1817,50000,0.02,genus,Nocardia,UnAmbiguouslyMapped_ds.soil.fa.report,,,,,,
1827,50000,0.02,genus,Rhodococcus,UnAmbiguouslyMapped_ds.soil.fa.report,,,,,,
1854,50000,0.02,genus,Frankia,UnAmbiguouslyMapped_ds.soil.fa.report,,,,,,
237,50000,0.02,genus,Flavobacterium,UnAmbiguouslyMapped_ds.soil.fa.report,,,,,,
2000,50000,0.02,genus,Streptosporangium,UnAmbiguouslyMapped_ds.soil.fa.report,,,,,,
2349,50000,0.02,genus,Haliscomenobacter,UnAmbiguouslyMapped_ds.soil.fa.report,,,,,,
32008,50000,0.02,genus,Burkholderia,UnAmbiguouslyMapped_ds.soil.fa.report,,,,,,
34072,50000,0.02,genus,Variovorax,UnAmbiguouslyMapped_ds.soil.fa.report,,,,,,
39643,50000,0.02,genus,Sorangium,UnAmbiguouslyMapped_ds.soil.fa.report,,,,,,
40323,50000,0.02,genus,Stenotrophomonas,UnAmbiguouslyMapped_ds.soil.fa.report,,,,,,
379,50000,0.02,genus,Rhizobium,UnAmbiguouslyMapped_ds.soil.fa.report,,,,,,
68288,50000,0.02,genus,Cyclobacterium,UnAmbiguouslyMapped_ds.soil.fa.report,,,,,,
561,50000,0.02,genus,Escherichia,UnAmbiguouslyMapped_ds.soil.fa.report,,,,,,
84567,50000,0.02,genus,Pedobacter,UnAmbiguouslyMapped_ds.soil.fa.report,,,,,,
590,50000,0.02,genus,Salmonella,UnAmbiguouslyMapped_ds.soil.fa.report,,,,,,
768,50000,0.02,genus,Anaplasma,UnAmbiguouslyMapped_ds.soil.fa.report,,,,,,
104264,50000,0.02,genus,Cellulophaga,UnAmbiguouslyMapped_ds.soil.fa.report,,,,,,
75,50000,0.02,genus,Caulobacter,UnAmbiguouslyMapped_ds.soil.fa.report,,,,,,
120831,50000,0.02,genus,Dyadobacter,UnAmbiguouslyMapped_ds.soil.fa.report,,,,,,
32,50000,0.02,genus,Myxococcus,UnAmbiguouslyMapped_ds.soil.fa.report,,,,,,
146918,50000,0.02,genus,Salinibacter,UnAmbiguouslyMapped_ds.soil.fa.report,,,,,,
178440,50000,0.02,genus,Opitutus,UnAmbiguouslyMapped_ds.soil.fa.report,,,,,,
838,50000,0.02,genus,Prevotella,UnAmbiguouslyMapped_ds.soil.fa.report,,,,,,
1073,50000,0.02,genus,Rhodopseudomonas,UnAmbiguouslyMapped_ds.soil.fa.report,,,,,,
332162,50000,0.02,genus,Candidatus Solibacter,UnAmbiguouslyMapped_ds.soil.fa.report,,,,,,
375288,50000,0.02,genus,Parabacteroides,UnAmbiguouslyMapped_ds.soil.fa.report,,,,,,
390846,50000,0.02,genus,Echinicola,UnAmbiguouslyMapped_ds.soil.fa.report,,,,,,
392733,50000,0.02,genus,Terriglobus,UnAmbiguouslyMapped_ds.soil.fa.report,,,,,,
414878,50000,0.02,genus,Catenulispora,UnAmbiguouslyMapped_ds.soil.fa.report,,,,,,
209,50000,0.02,genus,Helicobacter,UnAmbiguouslyMapped_ds.soil.fa.report,,,,,,
417127,50000,0.02,genus,Zunongwangia,UnAmbiguouslyMapped_ds.soil.fa.report,,,,,,
442430,50000,0.02,genus,Coraliomargarita,UnAmbiguouslyMapped_ds.soil.fa.report,,,,,,
511745,50000,0.02,genus,Methylacidiphilum,UnAmbiguouslyMapped_ds.soil.fa.report,,,,,,
658061,50000,0.02,genus,Candidatus Koribacter,UnAmbiguouslyMapped_ds.soil.fa.report,,,,,,
767891,50000,0.02,genus,Candidatus Puniceispirillum,UnAmbiguouslyMapped_ds.soil.fa.report,,,,,,
1573,50000,0.02,genus,Clavibacter,UnAmbiguouslyMapped_ds.soil.fa.report,,,,,,
226,50000,0.02,genus,Alteromonas,UnAmbiguouslyMapped_ds.soil.fa.report,,,,,,
861914,50000,0.02,genus,Fibrella,UnAmbiguouslyMapped_ds.soil.fa.report,,,,,,
991903,50000,0.02,genus,Polymorphum,UnAmbiguouslyMapped_ds.soil.fa.report,,,,,,
1649482,50000,0.02,genus,Pseudopedobacter,UnAmbiguouslyMapped_ds.soil.fa.report,,,,,,
1763,50000,0.02,genus,Mycobacterium,UnAmbiguouslyMapped_ds.soil.fa.report,,,,,,